期货代码,期货名称,公司名称
000004.SZ,国农科技,深圳国华网安科技股份有限公司
000005.SZ,世纪星源,深圳世纪星源股份有限公司
000008.SZ,神州高铁,神州高铁技术股份有限公司
000009.SZ,中国宝安,中国宝安集团股份有限公司
000012.SZ,南玻A,中国南玻集团股份有限公司
000016.SZ,深康佳A,康佳集团股份有限公司
000019.SZ,深粮控股,深圳市深粮控股股份有限公司
000020.SZ,深华发A,深圳中恒华发股份有限公司
000021.SZ,深科技,深圳长城开发科技股份有限公司
000023.SZ,深天地A,深圳市天地(集团)股份有限公司
000025.SZ,特力A,深圳市特力(集团)股份有限公司
000026.SZ,飞亚达,飞亚达精密科技股份有限公司
000027.SZ,深圳能源,深圳能源集团股份有限公司
000028.SZ,国药一致,国药集团一致药业股份有限公司
000030.SZ,富奥股份,富奥汽车零部件股份有限公司
000032.SZ,深桑达A,深圳市桑达实业股份有限公司
000034.SZ,神州数码,神州数码集团股份有限公司
000035.SZ,中国天楹,中国天楹股份有限公司
000037.SZ,深南电A,深圳南山热电股份有限公司
000038.SZ,深大通,深圳大通实业股份有限公司
000039.SZ,中集集团,中国国际海运集装箱(集团)股份有限公司
000040.SZ,东旭蓝天,东旭蓝天新能源股份有限公司
000045.SZ,深纺织A,深圳市纺织(集团)股份有限公司
000048.SZ,京基智农,深圳市京基智农时代股份有限公司
000049.SZ,德赛电池,深圳市德赛电池科技股份有限公司
000050.SZ,深天马A,天马微电子股份有限公司
000055.SZ,方大集团,方大集团股份有限公司
000056.SZ,皇庭国际,深圳市皇庭国际企业股份有限公司
000058.SZ,深赛格,深圳赛格股份有限公司
000059.SZ,华锦股份,北方华锦化学工业股份有限公司
000060.SZ,中金岭南,深圳市中金岭南有色金属股份有限公司
000061.SZ,农产品,深圳市农产品集团股份有限公司
000062.SZ,深圳华强,深圳华强实业股份有限公司
000063.SZ,中兴通讯,中兴通讯股份有限公司
000066.SZ,中国长城,中国长城科技集团股份有限公司
000068.SZ,华控赛格,深圳华控赛格股份有限公司
000070.SZ,特发信息,深圳市特发信息股份有限公司
000078.SZ,海王生物,深圳市海王生物工程股份有限公司
000088.SZ,盐田港,深圳市盐田港股份有限公司
000089.SZ,深圳机场,深圳市机场股份有限公司
000096.SZ,广聚能源,深圳市广聚能源股份有限公司
000099.SZ,中信海直,中信海洋直升机股份有限公司
000100.SZ,TCL科技,TCL科技集团股份有限公司
000151.SZ,中成股份,中成进出口股份有限公司
000153.SZ,丰原药业,安徽丰原药业股份有限公司
000155.SZ,川能动力,四川省新能源动力股份有限公司
000156.SZ,华数传媒,华数传媒控股股份有限公司
000157.SZ,中联重科,中联重科股份有限公司
000158.SZ,常山北明,石家庄常山北明科技股份有限公司
000159.SZ,国际实业,新疆国际实业股份有限公司
000301.SZ,东方盛虹,江苏东方盛虹股份有限公司
000333.SZ,美的集团,美的集团股份有限公司
000338.SZ,潍柴动力,潍柴动力股份有限公司
000400.SZ,许继电气,许继电气股份有限公司
000401.SZ,冀东水泥,唐山冀东水泥股份有限公司
000403.SZ,双林生物,南方双林生物制药股份有限公司
000404.SZ,长虹华意,长虹华意压缩机股份有限公司
000407.SZ,胜利股份,山东胜利股份有限公司
000411.SZ,英特集团,浙江英特集团股份有限公司
000413.SZ,东旭光电,东旭光电科技股份有限公司
000415.SZ,渤海租赁,渤海租赁股份有限公司
000417.SZ,合肥百货,合肥百货大楼集团股份有限公司
000419.SZ,通程控股,长沙通程控股股份有限公司
000420.SZ,吉林化纤,吉林化纤股份有限公司
000421.SZ,南京公用,南京公用发展股份有限公司
000423.SZ,东阿阿胶,东阿阿胶股份有限公司
000425.SZ,徐工机械,徐工集团工程机械股份有限公司
000426.SZ,兴业矿业,内蒙古兴业矿业股份有限公司
000428.SZ,华天酒店,华天酒店集团股份有限公司
000429.SZ,粤高速A,广东省高速公路发展股份有限公司
000430.SZ,张家界,张家界旅游集团股份有限公司
000488.SZ,晨鸣纸业,山东晨鸣纸业集团股份有限公司
000501.SZ,鄂武商A,武汉武商集团股份有限公司
000503.SZ,国新健康,国新健康保障服务集团股份有限公司
000506.SZ,中润资源,中润资源投资股份有限公司
000507.SZ,珠海港,珠海港股份有限公司
000510.SZ,新金路,四川新金路集团股份有限公司
000513.SZ,丽珠集团,丽珠医药集团股份有限公司
000516.SZ,国际医学,西安国际医学投资股份有限公司
000518.SZ,四环生物,江苏四环生物股份有限公司
000519.SZ,中兵红箭,中兵红箭股份有限公司
000520.SZ,长航凤凰,长航凤凰股份有限公司
000521.SZ,长虹美菱,长虹美菱股份有限公司
000523.SZ,广州浪奇,广州市浪奇实业股份有限公司
000524.SZ,岭南控股,广州岭南集团控股股份有限公司
000525.SZ,红太阳,南京红太阳股份有限公司
000526.SZ,紫光学大,厦门紫光学大股份有限公司
000528.SZ,柳工,广西柳工机械股份有限公司
000529.SZ,广弘控股,广东广弘控股股份有限公司
000530.SZ,冰山冷热,冰山冷热科技股份有限公司
000531.SZ,穗恒运A,广州恒运企业集团股份有限公司
000532.SZ,华金资本,珠海华金资本股份有限公司
000533.SZ,顺钠股份,广东顺钠电气股份有限公司
000534.SZ,万泽股份,万泽实业股份有限公司
000538.SZ,云南白药,云南白药集团股份有限公司
000539.SZ,粤电力A,广东电力发展股份有限公司
000541.SZ,佛山照明,佛山电器照明股份有限公司
000543.SZ,皖能电力,安徽省皖能股份有限公司
000544.SZ,中原环保,中原环保股份有限公司
000545.SZ,金浦钛业,金浦钛业股份有限公司
000547.SZ,航天发展,航天工业发展股份有限公司
000548.SZ,湖南投资,湖南投资集团股份有限公司
000550.SZ,江铃汽车,江铃汽车股份有限公司
000551.SZ,创元科技,创元科技股份有限公司
000552.SZ,靖远煤电,甘肃靖远煤电股份有限公司
000553.SZ,安道麦A,安道麦股份有限公司
000554.SZ,泰山石油,中国石化山东泰山石油股份有限公司
000555.SZ,神州信息,神州数码信息服务股份有限公司
000557.SZ,西部创业,宁夏西部创业实业股份有限公司
000559.SZ,万向钱潮,万向钱潮股份有限公司
000561.SZ,烽火电子,陕西烽火电子股份有限公司
000564.SZ,供销大集,供销大集集团股份有限公司
000565.SZ,渝三峡A,重庆三峡油漆股份有限公司
000566.SZ,海南海药,海南海药股份有限公司
000568.SZ,泸州老窖,泸州老窖股份有限公司
000570.SZ,苏常柴A,常柴股份有限公司
000576.SZ,广东甘化,广东甘化科工股份有限公司
000581.SZ,威孚高科,无锡威孚高科技集团股份有限公司
000582.SZ,北部湾港,北部湾港股份有限公司
000584.SZ,哈工智能,江苏哈工智能机器人股份有限公司
000586.SZ,汇源通信,四川汇源光通信股份有限公司
000589.SZ,贵州轮胎,贵州轮胎股份有限公司
000590.SZ,启迪古汉,启迪药业集团股份公司
000591.SZ,太阳能,中节能太阳能股份有限公司
000593.SZ,大通燃气,四川大通燃气开发股份有限公司
000596.SZ,古井贡酒,安徽古井贡酒股份有限公司
000597.SZ,东北制药,东北制药集团股份有限公司
000598.SZ,兴蓉环境,成都市兴蓉环境股份有限公司
000599.SZ,青岛双星,青岛双星股份有限公司
000600.SZ,建投能源,河北建投能源投资股份有限公司
000601.SZ,韶能股份,广东韶能集团股份有限公司
000603.SZ,盛达资源,盛达金属资源股份有限公司
000605.SZ,渤海股份,渤海水业股份有限公司
000606.SZ,顺利办,顺利办信息服务股份有限公司
000607.SZ,华媒控股,浙江华媒控股股份有限公司
000609.SZ,中迪投资,北京中迪投资股份有限公司
000610.SZ,西安旅游,西安旅游股份有限公司
000612.SZ,焦作万方,焦作万方铝业股份有限公司
000613.SZ,大东海A,海南大东海旅游中心股份有限公司
000619.SZ,海螺型材,芜湖海螺型材科技股份有限公司
000622.SZ,恒立实业,恒立实业发展集团股份有限公司
000623.SZ,吉林敖东,吉林敖东药业集团股份有限公司
000625.SZ,长安汽车,重庆长安汽车股份有限公司
000626.SZ,远大控股,远大产业控股股份有限公司
000629.SZ,攀钢钒钛,攀钢集团钒钛资源股份有限公司
000630.SZ,铜陵有色,铜陵有色金属集团股份有限公司
000632.SZ,三木集团,福建三木集团股份有限公司
000633.SZ,合金投资,新疆合金投资股份有限公司
000635.SZ,英力特,宁夏英力特化工股份有限公司
000636.SZ,风华高科,广东风华高新科技股份有限公司
000637.SZ,茂化实华,茂名石化实华股份有限公司
000638.SZ,万方发展,万方城镇投资发展股份有限公司
000639.SZ,西王食品,西王食品股份有限公司
000650.SZ,仁和药业,仁和药业股份有限公司
000651.SZ,格力电器,珠海格力电器股份有限公司
000652.SZ,泰达股份,天津泰达股份有限公司
000655.SZ,金岭矿业,山东金岭矿业股份有限公司
000657.SZ,中钨高新,中钨高新材料股份有限公司
000659.SZ,珠海中富,珠海中富实业股份有限公司
000661.SZ,长春高新,长春高新技术产业(集团)股份有限公司
000665.SZ,湖北广电,湖北省广播电视信息网络股份有限公司
000672.SZ,上峰水泥,甘肃上峰水泥股份有限公司
000676.SZ,智度股份,智度科技股份有限公司
000677.SZ,恒天海龙,恒天海龙股份有限公司
000678.SZ,襄阳轴承,襄阳汽车轴承股份有限公司
000680.SZ,山推股份,山推工程机械股份有限公司
000681.SZ,视觉中国,视觉(中国)文化发展股份有限公司
000682.SZ,东方电子,东方电子股份有限公司
000683.SZ,远兴能源,内蒙古远兴能源股份有限公司
000685.SZ,中山公用,中山公用事业集团股份有限公司
000688.SZ,国城矿业,国城矿业股份有限公司
000690.SZ,宝新能源,广东宝丽华新能源股份有限公司
000692.SZ,惠天热电,沈阳惠天热电股份有限公司
000695.SZ,滨海能源,天津滨海能源发展股份有限公司
000697.SZ,炼石航空,炼石航空科技股份有限公司
000698.SZ,沈阳化工,沈阳化工股份有限公司
000700.SZ,模塑科技,江南模塑科技股份有限公司
000701.SZ,厦门信达,厦门信达股份有限公司
000702.SZ,正虹科技,湖南正虹科技发展股份有限公司
000703.SZ,恒逸石化,恒逸石化股份有限公司
000705.SZ,浙江震元,浙江震元股份有限公司
000708.SZ,中信特钢,中信泰富特钢集团股份有限公司
000709.SZ,河钢股份,河钢股份有限公司
000710.SZ,贝瑞基因,成都市贝瑞和康基因技术股份有限公司
000713.SZ,丰乐种业,合肥丰乐种业股份有限公司
000715.SZ,中兴商业,中兴-沈阳商业大厦(集团)股份有限公司
000716.SZ,黑芝麻,南方黑芝麻集团股份有限公司
000717.SZ,韶钢松山,广东韶钢松山股份有限公司
000719.SZ,中原传媒,中原大地传媒股份有限公司
000721.SZ,西安饮食,西安饮食股份有限公司
000722.SZ,湖南发展,湖南发展集团股份有限公司
000723.SZ,美锦能源,山西美锦能源股份有限公司
000725.SZ,京东方A,京东方科技集团股份有限公司
000726.SZ,鲁泰A,鲁泰纺织股份有限公司
000729.SZ,燕京啤酒,北京燕京啤酒股份有限公司
000731.SZ,四川美丰,四川美丰化工股份有限公司
000733.SZ,振华科技,中国振华(集团)科技股份有限公司
000735.SZ,罗牛山,罗牛山股份有限公司
000738.SZ,航发控制,中国航发动力控制股份有限公司
000739.SZ,普洛药业,普洛药业股份有限公司
000751.SZ,锌业股份,葫芦岛锌业股份有限公司
000753.SZ,漳州发展,福建漳州发展股份有限公司
000755.SZ,山西路桥,山西路桥股份有限公司
000756.SZ,新华制药,山东新华制药股份有限公司
000757.SZ,浩物股份,四川浩物机电股份有限公司
000758.SZ,中色股份,中国有色金属建设股份有限公司
000759.SZ,中百集团,中百控股集团股份有限公司
000761.SZ,本钢板材,本钢板材股份有限公司
000762.SZ,西藏矿业,西藏矿业发展股份有限公司
000766.SZ,通化金马,通化金马药业集团股份有限公司
000767.SZ,漳泽电力,晋能控股山西电力股份有限公司
000768.SZ,中航飞机,中航西安飞机工业集团股份有限公司
000777.SZ,中核科技,中核苏阀科技实业股份有限公司
000778.SZ,新兴铸管,新兴铸管股份有限公司
000779.SZ,甘咨询,甘肃工程咨询集团股份有限公司
000782.SZ,美达股份,广东新会美达锦纶股份有限公司
000785.SZ,居然之家,居然之家新零售集团股份有限公司
000786.SZ,北新建材,北新集团建材股份有限公司
000788.SZ,北大医药,北大医药股份有限公司
000789.SZ,万年青,江西万年青水泥股份有限公司
000790.SZ,华神科技,成都华神科技集团股份有限公司
000791.SZ,甘肃电投,甘肃电投能源发展股份有限公司
000793.SZ,华闻集团,华闻传媒投资集团股份有限公司
000795.SZ,英洛华,英洛华科技股份有限公司
000796.SZ,凯撒旅业,凯撒同盛发展股份有限公司
000798.SZ,中水渔业,中水集团远洋股份有限公司
000799.SZ,酒鬼酒,酒鬼酒股份有限公司
000800.SZ,一汽解放,一汽解放集团股份有限公司
000801.SZ,四川九洲,四川九洲电器股份有限公司
000802.SZ,北京文化,北京京西文化旅游股份有限公司
000807.SZ,云铝股份,云南铝业股份有限公司
000809.SZ,铁岭新城,铁岭新城投资控股(集团)股份有限公司
000810.SZ,创维数字,创维数字股份有限公司
000811.SZ,冰轮环境,冰轮环境技术股份有限公司
000812.SZ,陕西金叶,陕西金叶科教集团股份有限公司
000813.SZ,德展健康,德展大健康股份有限公司
000815.SZ,美利云,中冶美利云产业投资股份有限公司
000818.SZ,航锦科技,航锦科技股份有限公司
000819.SZ,岳阳兴长,岳阳兴长石化股份有限公司
000821.SZ,京山轻机,湖北京山轻工机械股份有限公司
000822.SZ,山东海化,山东海化股份有限公司
000823.SZ,超声电子,广东汕头超声电子股份有限公司
000825.SZ,太钢不锈,山西太钢不锈钢股份有限公司
000826.SZ,启迪环境,启迪环境科技发展股份有限公司
000828.SZ,东莞控股,东莞发展控股股份有限公司
000829.SZ,天音控股,天音通信控股股份有限公司
000830.SZ,鲁西化工,鲁西化工集团股份有限公司
000831.SZ,五矿稀土,五矿稀土股份有限公司
000833.SZ,粤桂股份,广西粤桂广业控股股份有限公司
000836.SZ,富通鑫茂,天津富通鑫茂科技股份有限公司
000839.SZ,中信国安,中信国安信息产业股份有限公司
000848.SZ,承德露露,河北承德露露股份有限公司
000850.SZ,华茂股份,安徽华茂纺织股份有限公司
000851.SZ,高鸿股份,大唐高鸿数据网络技术股份有限公司
000852.SZ,石化机械,中石化石油机械股份有限公司
000856.SZ,冀东装备,唐山冀东装备工程股份有限公司
000858.SZ,五粮液,宜宾五粮液股份有限公司
000859.SZ,国风塑业,安徽国风塑业股份有限公司
000860.SZ,顺鑫农业,北京顺鑫农业股份有限公司
000861.SZ,海印股份,广东海印集团股份有限公司
000862.SZ,银星能源,宁夏银星能源股份有限公司
000869.SZ,张裕A,烟台张裕葡萄酿酒股份有限公司
000875.SZ,吉电股份,吉林电力股份有限公司
000876.SZ,新希望,新希望六和股份有限公司
000877.SZ,天山股份,新疆天山水泥股份有限公司
000878.SZ,云南铜业,云南铜业股份有限公司
000880.SZ,潍柴重机,潍柴重机股份有限公司
000881.SZ,中广核技,中广核核技术发展股份有限公司
000882.SZ,华联股份,北京华联商厦股份有限公司
000883.SZ,湖北能源,湖北能源集团股份有限公司
000885.SZ,城发环境,城发环境股份有限公司
000887.SZ,中鼎股份,安徽中鼎密封件股份有限公司
000888.SZ,峨眉山A,峨眉山旅游股份有限公司
000889.SZ,中嘉博创,中嘉博创信息技术股份有限公司
000892.SZ,欢瑞世纪,欢瑞世纪联合股份有限公司
000893.SZ,东凌国际,亚钾国际投资(广州)股份有限公司
000895.SZ,双汇发展,河南双汇投资发展股份有限公司
000898.SZ,鞍钢股份,鞍钢股份有限公司
000899.SZ,赣能股份,江西赣能股份有限公司
000900.SZ,现代投资,现代投资股份有限公司
000901.SZ,航天科技,航天科技控股集团股份有限公司
000902.SZ,新洋丰,新洋丰农业科技股份有限公司
000903.SZ,云内动力,昆明云内动力股份有限公司
000905.SZ,厦门港务,厦门港务发展股份有限公司
000906.SZ,浙商中拓,浙商中拓集团股份有限公司
000908.SZ,景峰医药,湖南景峰医药股份有限公司
000910.SZ,大亚圣象,大亚圣象家居股份有限公司
000912.SZ,泸天化,四川泸天化股份有限公司
000913.SZ,钱江摩托,浙江钱江摩托股份有限公司
000915.SZ,山大华特,山东山大华特科技股份有限公司
000917.SZ,电广传媒,湖南电广传媒股份有限公司
000919.SZ,金陵药业,金陵药业股份有限公司
000920.SZ,南方汇通,南方汇通股份有限公司
000921.SZ,海信家电,海信家电集团股份有限公司
000922.SZ,佳电股份,哈尔滨电气集团佳木斯电机股份有限公司
000923.SZ,河钢资源,河钢资源股份有限公司
000925.SZ,众合科技,浙江众合科技股份有限公司
000929.SZ,兰州黄河,兰州黄河企业股份有限公司
000930.SZ,中粮科技,中粮生物科技股份有限公司
000931.SZ,中关村,北京中关村科技发展(控股)股份有限公司
000932.SZ,华菱钢铁,湖南华菱钢铁股份有限公司
000933.SZ,神火股份,河南神火煤电股份有限公司
000935.SZ,四川双马,四川双马水泥股份有限公司
000936.SZ,华西股份,江苏华西村股份有限公司
000937.SZ,冀中能源,冀中能源股份有限公司
000938.SZ,紫光股份,紫光股份有限公司
000948.SZ,南天信息,云南南天电子信息产业股份有限公司
000949.SZ,新乡化纤,新乡化纤股份有限公司
000950.SZ,重药控股,重药控股股份有限公司
000951.SZ,中国重汽,中国重汽集团济南卡车股份有限公司
000952.SZ,广济药业,湖北广济药业股份有限公司
000955.SZ,欣龙控股,欣龙控股(集团)股份有限公司
000957.SZ,中通客车,中通客车股份有限公司
000959.SZ,首钢股份,北京首钢股份有限公司
000960.SZ,锡业股份,云南锡业股份有限公司
000962.SZ,东方钽业,宁夏东方钽业股份有限公司
000963.SZ,华东医药,华东医药股份有限公司
000966.SZ,长源电力,国电长源电力股份有限公司
000967.SZ,盈峰环境,盈峰环境科技集团股份有限公司
000968.SZ,蓝焰控股,山西蓝焰控股股份有限公司
000969.SZ,安泰科技,安泰科技股份有限公司
000970.SZ,中科三环,北京中科三环高技术股份有限公司
000973.SZ,佛塑科技,佛山佛塑科技集团股份有限公司
000975.SZ,银泰黄金,银泰黄金股份有限公司
000976.SZ,华铁股份,广东华铁通达高铁装备股份有限公司
000977.SZ,浪潮信息,浪潮电子信息产业股份有限公司
000978.SZ,桂林旅游,桂林旅游股份有限公司
000983.SZ,西山煤电,山西焦煤能源集团股份有限公司
000985.SZ,大庆华科,大庆华科股份有限公司
000988.SZ,华工科技,华工科技产业股份有限公司
000989.SZ,九芝堂,九芝堂股份有限公司
000990.SZ,诚志股份,诚志股份有限公司
000993.SZ,闽东电力,福建闽东电力股份有限公司
000996.SZ,中国中期,中国中期投资股份有限公司
000997.SZ,新大陆,新大陆数字技术股份有限公司
000998.SZ,隆平高科,袁隆平农业高科技股份有限公司
000999.SZ,华润三九,华润三九医药股份有限公司
001696.SZ,宗申动力,重庆宗申动力机械股份有限公司
001872.SZ,招商港口,招商局港口集团股份有限公司
001896.SZ,豫能控股,河南豫能控股股份有限公司
001965.SZ,招商公路,招商局公路网络科技控股股份有限公司
002001.SZ,新和成,浙江新和成股份有限公司
002002.SZ,鸿达兴业,鸿达兴业股份有限公司
002003.SZ,伟星股份,浙江伟星实业发展股份有限公司
002004.SZ,华邦健康,华邦生命健康股份有限公司
002006.SZ,精功科技,浙江精功科技股份有限公司
002007.SZ,华兰生物,华兰生物工程股份有限公司
002008.SZ,大族激光,大族激光科技产业集团股份有限公司
002009.SZ,天奇股份,天奇自动化工程股份有限公司
002010.SZ,传化智联,传化智联股份有限公司
002011.SZ,盾安环境,浙江盾安人工环境股份有限公司
002012.SZ,凯恩股份,浙江凯恩特种材料股份有限公司
002013.SZ,中航机电,中航工业机电系统股份有限公司
002014.SZ,永新股份,黄山永新股份有限公司
002015.SZ,协鑫能科,协鑫能源科技股份有限公司
002017.SZ,东信和平,东信和平科技股份有限公司
002019.SZ,亿帆医药,亿帆医药股份有限公司
002020.SZ,京新药业,浙江京新药业股份有限公司
002022.SZ,科华生物,上海科华生物工程股份有限公司
002023.SZ,海特高新,四川海特高新技术股份有限公司
002024.SZ,苏宁易购,苏宁易购集团股份有限公司
002025.SZ,航天电器,贵州航天电器股份有限公司
002026.SZ,山东威达,山东威达机械股份有限公司
002027.SZ,分众传媒,分众传媒信息技术股份有限公司
002028.SZ,思源电气,思源电气股份有限公司
002029.SZ,七匹狼,福建七匹狼实业股份有限公司
002030.SZ,达安基因,中山大学达安基因股份有限公司
002031.SZ,巨轮智能,巨轮智能装备股份有限公司
002032.SZ,苏泊尔,浙江苏泊尔股份有限公司
002033.SZ,丽江股份,丽江玉龙旅游股份有限公司
002034.SZ,旺能环境,旺能环境股份有限公司
002035.SZ,华帝股份,华帝股份有限公司
002036.SZ,联创电子,联创电子科技股份有限公司
002037.SZ,保利联合,保利联合化工控股集团股份有限公司
002038.SZ,双鹭药业,北京双鹭药业股份有限公司
002039.SZ,黔源电力,贵州黔源电力股份有限公司
002040.SZ,南京港,南京港股份有限公司
002041.SZ,登海种业,山东登海种业股份有限公司
002042.SZ,华孚时尚,华孚时尚股份有限公司
002043.SZ,兔宝宝,德华兔宝宝装饰新材股份有限公司
002044.SZ,美年健康,美年大健康产业控股股份有限公司
002045.SZ,国光电器,国光电器股份有限公司
002046.SZ,轴研科技,国机精工股份有限公司
002047.SZ,宝鹰股份,深圳市宝鹰建设控股集团股份有限公司
002048.SZ,宁波华翔,宁波华翔电子股份有限公司
002049.SZ,紫光国微,紫光国芯微电子股份有限公司
002050.SZ,三花智控,浙江三花智能控制股份有限公司
002053.SZ,云南能投,云南能源投资股份有限公司
002054.SZ,德美化工,广东德美精细化工集团股份有限公司
002055.SZ,得润电子,深圳市得润电子股份有限公司
002056.SZ,横店东磁,横店集团东磁股份有限公司
002057.SZ,中钢天源,中钢天源股份有限公司
002058.SZ,威尔泰,上海威尔泰工业自动化股份有限公司
002059.SZ,云南旅游,云南旅游股份有限公司
002063.SZ,远光软件,远光软件股份有限公司
002064.SZ,华峰氨纶,华峰化学股份有限公司
002065.SZ,东华软件,东华软件股份公司
002066.SZ,瑞泰科技,瑞泰科技股份有限公司
002067.SZ,景兴纸业,浙江景兴纸业股份有限公司
002068.SZ,黑猫股份,江西黑猫炭黑股份有限公司
002069.SZ,獐子岛,獐子岛集团股份有限公司
002073.SZ,软控股份,软控股份有限公司
002074.SZ,国轩高科,国轩高科股份有限公司
002075.SZ,沙钢股份,江苏沙钢股份有限公司
002078.SZ,太阳纸业,山东太阳纸业股份有限公司
002079.SZ,苏州固锝,苏州固锝电子股份有限公司
002080.SZ,中材科技,中材科技股份有限公司
002081.SZ,金螳螂,苏州金螳螂建筑装饰股份有限公司
002082.SZ,万邦德,万邦德医药控股集团股份有限公司
002083.SZ,孚日股份,孚日集团股份有限公司
002084.SZ,海鸥住工,广州海鸥住宅工业股份有限公司
002085.SZ,万丰奥威,浙江万丰奥威汽轮股份有限公司
002087.SZ,新野纺织,河南新野纺织股份有限公司
002088.SZ,鲁阳节能,山东鲁阳节能材料股份有限公司
002090.SZ,金智科技,江苏金智科技股份有限公司
002091.SZ,江苏国泰,江苏国泰国际集团股份有限公司
002092.SZ,中泰化学,新疆中泰化学股份有限公司
002093.SZ,国脉科技,国脉科技股份有限公司
002094.SZ,青岛金王,青岛金王应用化学股份有限公司
002095.SZ,生意宝,浙江网盛生意宝股份有限公司
002096.SZ,南岭民爆,湖南南岭民用爆破器材股份有限公司
002097.SZ,山河智能,山河智能装备股份有限公司
002098.SZ,浔兴股份,福建浔兴拉链科技股份有限公司
002099.SZ,海翔药业,浙江海翔药业股份有限公司
002100.SZ,天康生物,天康生物股份有限公司
002101.SZ,广东鸿图,广东鸿图科技股份有限公司
002103.SZ,广博股份,广博集团股份有限公司
002104.SZ,恒宝股份,恒宝股份有限公司
002105.SZ,信隆健康,深圳信隆健康产业发展股份有限公司
002106.SZ,莱宝高科,深圳莱宝高科技股份有限公司
002107.SZ,沃华医药,山东沃华医药科技股份有限公司
002108.SZ,沧州明珠,沧州明珠塑料股份有限公司
002109.SZ,兴化股份,陕西兴化化学股份有限公司
002110.SZ,三钢闽光,福建三钢闽光股份有限公司
002111.SZ,威海广泰,威海广泰空港设备股份有限公司
002112.SZ,三变科技,三变科技股份有限公司
002114.SZ,罗平锌电,云南罗平锌电股份有限公司
002115.SZ,三维通信,三维通信股份有限公司
002117.SZ,东港股份,东港股份有限公司
002118.SZ,紫鑫药业,吉林紫鑫药业股份有限公司
002119.SZ,康强电子,宁波康强电子股份有限公司
002120.SZ,韵达股份,韵达控股股份有限公司
002123.SZ,梦网集团,梦网云科技集团股份有限公司
002124.SZ,天邦股份,天邦食品股份有限公司
002125.SZ,湘潭电化,湘潭电化科技股份有限公司
002126.SZ,银轮股份,浙江银轮机械股份有限公司
002127.SZ,南极电商,南极电商股份有限公司
002128.SZ,露天煤业,内蒙古霍林河露天煤业股份有限公司
002129.SZ,中环股份,天津中环半导体股份有限公司
002130.SZ,沃尔核材,深圳市沃尔核材股份有限公司
002131.SZ,利欧股份,利欧集团股份有限公司
002132.SZ,恒星科技,河南恒星科技股份有限公司
002134.SZ,天津普林,天津普林电路股份有限公司
002135.SZ,东南网架,浙江东南网架股份有限公司
002136.SZ,安纳达,安徽安纳达钛业股份有限公司
002137.SZ,麦达数字,深圳市麦达数字股份有限公司
002138.SZ,顺络电子,深圳顺络电子股份有限公司
002139.SZ,拓邦股份,深圳拓邦股份有限公司
002141.SZ,贤丰控股,贤丰控股股份有限公司
002144.SZ,宏达高科,宏达高科控股股份有限公司
002145.SZ,中核钛白,中核华原钛白股份有限公司
002148.SZ,北纬科技,北京北纬通信科技股份有限公司
002149.SZ,西部材料,西部金属材料股份有限公司
002150.SZ,通润装备,江苏通润装备科技股份有限公司
002151.SZ,北斗星通,北京北斗星通导航技术股份有限公司
002152.SZ,广电运通,广州广电运通金融电子股份有限公司
002153.SZ,石基信息,北京中长石基信息技术股份有限公司
002154.SZ,报喜鸟,报喜鸟控股股份有限公司
002155.SZ,湖南黄金,湖南黄金股份有限公司
002156.SZ,通富微电,通富微电子股份有限公司
002157.SZ,正邦科技,江西正邦科技股份有限公司
002158.SZ,汉钟精机,上海汉钟精机股份有限公司
002159.SZ,三特索道,武汉三特索道集团股份有限公司
002160.SZ,常铝股份,江苏常铝铝业集团股份有限公司
002161.SZ,远望谷,深圳市远望谷信息技术股份有限公司
002162.SZ,悦心健康,上海悦心健康集团股份有限公司
002163.SZ,海南发展,海控南海发展股份有限公司
002164.SZ,宁波东力,宁波东力股份有限公司
002165.SZ,红宝丽,红宝丽集团股份有限公司
002166.SZ,莱茵生物,桂林莱茵生物科技股份有限公司
002167.SZ,东方锆业,广东东方锆业科技股份有限公司
002168.SZ,惠程科技,深圳市惠程信息科技股份有限公司
002169.SZ,智光电气,广州智光电气股份有限公司
002170.SZ,芭田股份,深圳市芭田生态工程股份有限公司
002171.SZ,楚江新材,安徽楚江科技新材料股份有限公司
002172.SZ,澳洋健康,江苏澳洋健康产业股份有限公司
002173.SZ,创新医疗,创新医疗管理股份有限公司
002174.SZ,游族网络,游族网络股份有限公司
002177.SZ,御银股份,广州御银科技股份有限公司
002178.SZ,延华智能,上海延华智能科技(集团)股份有限公司
002179.SZ,中航光电,中航光电科技股份有限公司
002180.SZ,纳思达,纳思达股份有限公司
002181.SZ,粤传媒,广东广州日报传媒股份有限公司
002182.SZ,云海金属,南京云海特种金属股份有限公司
002183.SZ,怡亚通,深圳市怡亚通供应链股份有限公司
002184.SZ,海得控制,上海海得控制系统股份有限公司
002185.SZ,华天科技,天水华天科技股份有限公司
002186.SZ,全聚德,中国全聚德(集团)股份有限公司
002187.SZ,广百股份,广州市广百股份有限公司
002189.SZ,中光学,中光学集团股份有限公司
002190.SZ,成飞集成,四川成飞集成科技股份有限公司
002191.SZ,劲嘉股份,深圳劲嘉集团股份有限公司
002193.SZ,如意集团,山东如意毛纺服装集团股份有限公司
002194.SZ,武汉凡谷,武汉凡谷电子技术股份有限公司
002195.SZ,二三四五,上海二三四五网络控股集团股份有限公司
002196.SZ,方正电机,浙江方正电机股份有限公司
002197.SZ,证通电子,深圳市证通电子股份有限公司
002198.SZ,嘉应制药,广东嘉应制药股份有限公司
002199.SZ,东晶电子,浙江东晶电子股份有限公司
002201.SZ,九鼎新材,江苏九鼎新材料股份有限公司
002202.SZ,金风科技,新疆金风科技股份有限公司
002203.SZ,海亮股份,浙江海亮股份有限公司
002204.SZ,大连重工,大连华锐重工集团股份有限公司
002205.SZ,国统股份,新疆国统管道股份有限公司
002206.SZ,海利得,浙江海利得新材料股份有限公司
002207.SZ,准油股份,新疆准东石油技术股份有限公司
002209.SZ,达意隆,广州达意隆包装机械股份有限公司
002211.SZ,宏达新材,上海宏达新材料股份有限公司
002212.SZ,南洋股份,天融信科技集团股份有限公司
002213.SZ,大为股份,深圳市大为创新科技股份有限公司
002214.SZ,大立科技,浙江大立科技股份有限公司
002215.SZ,诺普信,深圳诺普信农化股份有限公司
002216.SZ,三全食品,三全食品股份有限公司
002217.SZ,合力泰,合力泰科技股份有限公司
002218.SZ,拓日新能,深圳市拓日新能源科技股份有限公司
002221.SZ,东华能源,东华能源股份有限公司
002222.SZ,福晶科技,福建福晶科技股份有限公司
002223.SZ,鱼跃医疗,江苏鱼跃医疗设备股份有限公司
002224.SZ,三力士,三力士股份有限公司
002225.SZ,濮耐股份,濮阳濮耐高温材料(集团)股份有限公司
002226.SZ,江南化工,安徽江南化工股份有限公司
002227.SZ,奥特迅,深圳奥特迅电力设备股份有限公司
002228.SZ,合兴包装,厦门合兴包装印刷股份有限公司
002229.SZ,鸿博股份,鸿博股份有限公司
002230.SZ,科大讯飞,科大讯飞股份有限公司
002231.SZ,奥维通信,奥维通信股份有限公司
002232.SZ,启明信息,启明信息技术股份有限公司
002233.SZ,塔牌集团,广东塔牌集团股份有限公司
002234.SZ,民和股份,山东民和牧业股份有限公司
002235.SZ,安妮股份,厦门安妮股份有限公司
002236.SZ,大华股份,浙江大华技术股份有限公司
002237.SZ,恒邦股份,山东恒邦冶炼股份有限公司
002238.SZ,天威视讯,深圳市天威视讯股份有限公司
002239.SZ,奥特佳,奥特佳新能源科技股份有限公司
002240.SZ,威华股份,深圳盛新锂能集团股份有限公司
002241.SZ,歌尔股份,歌尔股份有限公司
002242.SZ,九阳股份,九阳股份有限公司
002243.SZ,通产丽星,深圳市通产丽星股份有限公司
002245.SZ,澳洋顺昌,江苏蔚蓝锂芯股份有限公司
002246.SZ,北化股份,北方化学工业股份有限公司
002248.SZ,华东数控,威海华东数控股份有限公司
002249.SZ,大洋电机,中山大洋电机股份有限公司
002250.SZ,联化科技,联化科技股份有限公司
002251.SZ,步步高,步步高商业连锁股份有限公司
002252.SZ,上海莱士,上海莱士血液制品股份有限公司
002253.SZ,川大智胜,四川川大智胜软件股份有限公司
002254.SZ,泰和新材,烟台泰和新材料股份有限公司
002258.SZ,利尔化学,利尔化学股份有限公司
002261.SZ,拓维信息,拓维信息系统股份有限公司
002262.SZ,恩华药业,江苏恩华药业股份有限公司
002263.SZ,大东南,浙江大东南股份有限公司
002264.SZ,新华都,新华都购物广场股份有限公司
002265.SZ,西仪股份,云南西仪工业股份有限公司
002266.SZ,浙富控股,浙富控股集团股份有限公司
002267.SZ,陕天然气,陕西省天然气股份有限公司
002268.SZ,卫士通,成都卫士通信息产业股份有限公司
002269.SZ,美邦服饰,上海美特斯邦威服饰股份有限公司
002270.SZ,华明装备,华明电力装备股份有限公司
002271.SZ,东方雨虹,北京东方雨虹防水技术股份有限公司
002272.SZ,川润股份,四川川润股份有限公司
002273.SZ,水晶光电,浙江水晶光电科技股份有限公司
002274.SZ,华昌化工,江苏华昌化工股份有限公司
002275.SZ,桂林三金,桂林三金药业股份有限公司
002276.SZ,万马股份,浙江万马股份有限公司
002277.SZ,友阿股份,湖南友谊阿波罗商业股份有限公司
002278.SZ,神开股份,上海神开石油化工装备股份有限公司
002279.SZ,久其软件,北京久其软件股份有限公司
002281.SZ,光迅科技,武汉光迅科技股份有限公司
002282.SZ,博深股份,博深股份有限公司
002283.SZ,天润工业,天润工业技术股份有限公司
002284.SZ,亚太股份,浙江亚太机电股份有限公司
002286.SZ,保龄宝,保龄宝生物股份有限公司
002287.SZ,奇正藏药,西藏奇正藏药股份有限公司
002288.SZ,超华科技,广东超华科技股份有限公司
002291.SZ,星期六,星期六股份有限公司
002292.SZ,奥飞娱乐,奥飞娱乐股份有限公司
002293.SZ,罗莱生活,罗莱生活科技股份有限公司
002294.SZ,信立泰,深圳信立泰药业股份有限公司
002295.SZ,精艺股份,广东精艺金属股份有限公司
002296.SZ,辉煌科技,河南辉煌科技股份有限公司
002297.SZ,博云新材,湖南博云新材料股份有限公司
002298.SZ,中电兴发,安徽中电兴发与鑫龙科技股份有限公司
002299.SZ,圣农发展,福建圣农发展股份有限公司
002300.SZ,太阳电缆,福建南平太阳电缆股份有限公司
002301.SZ,齐心集团,深圳齐心集团股份有限公司
002302.SZ,西部建设,中建西部建设股份有限公司
002303.SZ,美盈森,美盈森集团股份有限公司
002304.SZ,洋河股份,江苏洋河酒厂股份有限公司
002308.SZ,威创股份,威创集团股份有限公司
002309.SZ,中利集团,江苏中利集团股份有限公司
002311.SZ,海大集团,广东海大集团股份有限公司
002312.SZ,三泰控股,成都三泰控股集团股份有限公司
002313.SZ,日海智能,日海智能科技股份有限公司
002315.SZ,焦点科技,焦点科技股份有限公司
002316.SZ,亚联发展,深圳亚联发展科技股份有限公司
002317.SZ,众生药业,广东众生药业股份有限公司
002318.SZ,久立特材,浙江久立特材科技股份有限公司
002320.SZ,海峡股份,海南海峡航运股份有限公司
002321.SZ,华英农业,河南华英农业发展股份有限公司
002322.SZ,理工环科,宁波理工环境能源科技股份有限公司
002324.SZ,普利特,上海普利特复合材料股份有限公司
002325.SZ,洪涛股份,深圳洪涛集团股份有限公司
002326.SZ,永太科技,浙江永太科技股份有限公司
002327.SZ,富安娜,深圳市富安娜家居用品股份有限公司
002328.SZ,新朋股份,上海新朋实业股份有限公司
002329.SZ,皇氏集团,皇氏集团股份有限公司
002330.SZ,得利斯,山东得利斯食品股份有限公司
002331.SZ,皖通科技,安徽皖通科技股份有限公司
002332.SZ,仙琚制药,浙江仙琚制药股份有限公司
002334.SZ,英威腾,深圳市英威腾电气股份有限公司
002335.SZ,科华恒盛,科华恒盛股份有限公司
002337.SZ,赛象科技,天津赛象科技股份有限公司
002338.SZ,奥普光电,长春奥普光电技术股份有限公司
002339.SZ,积成电子,积成电子股份有限公司
002340.SZ,格林美,格林美股份有限公司
002341.SZ,新纶科技,深圳市新纶科技股份有限公司
002342.SZ,巨力索具,巨力索具股份有限公司
002343.SZ,慈文传媒,慈文传媒股份有限公司
002344.SZ,海宁皮城,海宁中国皮革城股份有限公司
002345.SZ,潮宏基,广东潮宏基实业股份有限公司
002346.SZ,柘中股份,上海柘中集团股份有限公司
002347.SZ,泰尔股份,泰尔重工股份有限公司
002348.SZ,高乐股份,广东高乐股份有限公司
002349.SZ,精华制药,精华制药集团股份有限公司
002350.SZ,北京科锐,北京科锐配电自动化股份有限公司
002351.SZ,漫步者,深圳市漫步者科技股份有限公司
002352.SZ,顺丰控股,顺丰控股股份有限公司
002353.SZ,杰瑞股份,烟台杰瑞石油服务集团股份有限公司
002355.SZ,兴民智通,兴民智通(集团)股份有限公司
002357.SZ,富临运业,四川富临运业集团股份有限公司
002358.SZ,森源电气,河南森源电气股份有限公司
002360.SZ,同德化工,山西同德化工股份有限公司
002361.SZ,神剑股份,安徽神剑新材料股份有限公司
002362.SZ,汉王科技,汉王科技股份有限公司
002363.SZ,隆基机械,山东隆基机械股份有限公司
002364.SZ,中恒电气,杭州中恒电气股份有限公司
002365.SZ,永安药业,潜江永安药业股份有限公司
002366.SZ,台海核电,台海玛努尔核电设备股份有限公司
002367.SZ,康力电梯,康力电梯股份有限公司
002368.SZ,太极股份,太极计算机股份有限公司
002369.SZ,卓翼科技,深圳市卓翼科技股份有限公司
002370.SZ,亚太药业,浙江亚太药业股份有限公司
002371.SZ,北方华创,北方华创科技集团股份有限公司
002372.SZ,伟星新材,浙江伟星新型建材股份有限公司
002373.SZ,千方科技,北京千方科技股份有限公司
002375.SZ,亚厦股份,浙江亚厦装饰股份有限公司
002376.SZ,新北洋,山东新北洋信息技术股份有限公司
002378.SZ,章源钨业,崇义章源钨业股份有限公司
002379.SZ,宏创控股,山东宏创铝业控股股份有限公司
002380.SZ,科远智慧,南京科远智慧科技集团股份有限公司
002381.SZ,双箭股份,浙江双箭橡胶股份有限公司
002382.SZ,蓝帆医疗,蓝帆医疗股份有限公司
002383.SZ,合众思壮,北京合众思壮科技股份有限公司
002384.SZ,东山精密,苏州东山精密制造股份有限公司
002385.SZ,大北农,北京大北农科技集团股份有限公司
002386.SZ,天原集团,宜宾天原集团股份有限公司
002387.SZ,维信诺,维信诺科技股份有限公司
002388.SZ,新亚制程,深圳市新亚电子制程股份有限公司
002389.SZ,航天彩虹,航天彩虹无人机股份有限公司
002390.SZ,信邦制药,贵州信邦制药股份有限公司
002391.SZ,长青股份,江苏长青农化股份有限公司
002392.SZ,北京利尔,北京利尔高温材料股份有限公司
002393.SZ,力生制药,天津力生制药股份有限公司
002394.SZ,联发股份,江苏联发纺织股份有限公司
002395.SZ,双象股份,无锡双象超纤材料股份有限公司
002396.SZ,星网锐捷,福建星网锐捷通讯股份有限公司
002397.SZ,梦洁股份,湖南梦洁家纺股份有限公司
002398.SZ,垒知集团,垒知控股集团股份有限公司
002399.SZ,海普瑞,深圳市海普瑞药业集团股份有限公司
002400.SZ,省广集团,广东省广告集团股份有限公司
002401.SZ,中远海科,中远海运科技股份有限公司
002402.SZ,和而泰,深圳和而泰智能控制股份有限公司
002403.SZ,爱仕达,爱仕达股份有限公司
002404.SZ,嘉欣丝绸,浙江嘉欣丝绸股份有限公司
002405.SZ,四维图新,北京四维图新科技股份有限公司
002406.SZ,远东传动,许昌远东传动轴股份有限公司
002407.SZ,多氟多,多氟多化工股份有限公司
002408.SZ,齐翔腾达,淄博齐翔腾达化工股份有限公司
002409.SZ,雅克科技,江苏雅克科技股份有限公司
002410.SZ,广联达,广联达科技股份有限公司
002411.SZ,延安必康,延安必康制药股份有限公司
002412.SZ,汉森制药,湖南汉森制药股份有限公司
002413.SZ,雷科防务,江苏雷科防务科技股份有限公司
002414.SZ,高德红外,武汉高德红外股份有限公司
002415.SZ,海康威视,杭州海康威视数字技术股份有限公司
002416.SZ,爱施德,深圳市爱施德股份有限公司
002417.SZ,深南股份,深南金科股份有限公司
002419.SZ,天虹股份,天虹数科商业股份有限公司
002421.SZ,达实智能,深圳达实智能股份有限公司
002422.SZ,科伦药业,四川科伦药业股份有限公司
002424.SZ,贵州百灵,贵州百灵企业集团制药股份有限公司
002425.SZ,凯撒文化,凯撒(中国)文化股份有限公司
002428.SZ,云南锗业,云南临沧鑫圆锗业股份有限公司
002429.SZ,兆驰股份,深圳市兆驰股份有限公司
002430.SZ,杭氧股份,杭州制氧机集团股份有限公司
002432.SZ,九安医疗,天津九安医疗电子股份有限公司
002433.SZ,太安堂,广东太安堂药业股份有限公司
002434.SZ,万里扬,浙江万里扬股份有限公司
002435.SZ,长江健康,长江润发健康产业股份有限公司
002436.SZ,兴森科技,深圳市兴森快捷电路科技股份有限公司
002437.SZ,誉衡药业,哈尔滨誉衡药业股份有限公司
002438.SZ,江苏神通,江苏神通阀门股份有限公司
002439.SZ,启明星辰,启明星辰信息技术集团股份有限公司
002440.SZ,闰土股份,浙江闰土股份有限公司
002441.SZ,众业达,众业达电气股份有限公司
002442.SZ,龙星化工,龙星化工股份有限公司
002443.SZ,金洲管道,浙江金洲管道科技股份有限公司
002444.SZ,巨星科技,杭州巨星科技股份有限公司
002446.SZ,盛路通信,广东盛路通信科技股份有限公司
002448.SZ,中原内配,中原内配集团股份有限公司
002449.SZ,国星光电,佛山市国星光电股份有限公司
002451.SZ,摩恩电气,上海摩恩电气股份有限公司
002452.SZ,长高集团,湖南长高高压开关集团股份公司
002453.SZ,华软科技,金陵华软科技股份有限公司
002454.SZ,松芝股份,上海加冷松芝汽车空调股份有限公司
002455.SZ,百川股份,江苏百川高科新材料股份有限公司
002456.SZ,欧菲光,欧菲光集团股份有限公司
002457.SZ,青龙管业,宁夏青龙管业集团股份有限公司
002458.SZ,益生股份,山东益生种畜禽股份有限公司
002459.SZ,晶澳科技,晶澳太阳能科技股份有限公司
002460.SZ,赣锋锂业,江西赣锋锂业股份有限公司
002461.SZ,珠江啤酒,广州珠江啤酒股份有限公司
002462.SZ,嘉事堂,嘉事堂药业股份有限公司
002463.SZ,沪电股份,沪士电子股份有限公司
002464.SZ,众应互联,众应互联科技股份有限公司
002465.SZ,海格通信,广州海格通信集团股份有限公司
002466.SZ,天齐锂业,天齐锂业股份有限公司
002467.SZ,二六三,二六三网络通信股份有限公司
002468.SZ,申通快递,申通快递股份有限公司
002471.SZ,中超控股,江苏中超控股股份有限公司
002472.SZ,双环传动,浙江双环传动机械股份有限公司
002474.SZ,榕基软件,福建榕基软件股份有限公司
002475.SZ,立讯精密,立讯精密工业股份有限公司
002476.SZ,宝莫股份,山东宝莫生物化工股份有限公司
002478.SZ,常宝股份,江苏常宝钢管股份有限公司
002479.SZ,富春环保,浙江富春江环保热电股份有限公司
002480.SZ,新筑股份,成都市新筑路桥机械股份有限公司
002481.SZ,双塔食品,烟台双塔食品股份有限公司
002482.SZ,广田集团,深圳广田集团股份有限公司
002483.SZ,润邦股份,江苏润邦重工股份有限公司
002484.SZ,江海股份,南通江海电容器股份有限公司
002485.SZ,希努尔,希努尔男装股份有限公司
002486.SZ,嘉麟杰,上海嘉麟杰纺织品股份有限公司
002487.SZ,大金重工,辽宁大金重工股份有限公司
002488.SZ,金固股份,浙江金固股份有限公司
002489.SZ,浙江永强,浙江永强集团股份有限公司
002490.SZ,山东墨龙,山东墨龙石油机械股份有限公司
002491.SZ,通鼎互联,通鼎互联信息股份有限公司
002492.SZ,恒基达鑫,珠海恒基达鑫国际化工仓储股份有限公司
002493.SZ,荣盛石化,荣盛石化股份有限公司
002494.SZ,华斯股份,华斯控股股份有限公司
002495.SZ,佳隆股份,广东佳隆食品股份有限公司
002497.SZ,雅化集团,四川雅化实业集团股份有限公司
002498.SZ,汉缆股份,青岛汉缆股份有限公司
002503.SZ,搜于特,搜于特集团股份有限公司
002504.SZ,弘高创意,北京弘高创意建筑设计股份有限公司
002505.SZ,大康农业,鹏都农牧股份有限公司
002506.SZ,协鑫集成,协鑫集成科技股份有限公司
002507.SZ,涪陵榨菜,重庆市涪陵榨菜集团股份有限公司
002508.SZ,老板电器,杭州老板电器股份有限公司
002510.SZ,天汽模,天津汽车模具股份有限公司
002511.SZ,中顺洁柔,中顺洁柔纸业股份有限公司
002512.SZ,达华智能,福州达华智能科技股份有限公司
002514.SZ,宝馨科技,苏州宝馨科技实业股份有限公司
002515.SZ,金字火腿,金字火腿股份有限公司
002516.SZ,旷达科技,旷达科技集团股份有限公司
002517.SZ,恺英网络,恺英网络股份有限公司
002518.SZ,科士达,深圳科士达科技股份有限公司
002519.SZ,银河电子,江苏银河电子股份有限公司
002520.SZ,日发精机,浙江日发精密机械股份有限公司
002521.SZ,齐峰新材,齐峰新材料股份有限公司
002522.SZ,浙江众成,浙江众成包装材料股份有限公司
002523.SZ,天桥起重,株洲天桥起重机股份有限公司
002524.SZ,光正集团,光正眼科医院集团股份有限公司
002526.SZ,山东矿机,山东矿机集团股份有限公司
002527.SZ,新时达,上海新时达电气股份有限公司
002528.SZ,英飞拓,深圳英飞拓科技股份有限公司
002530.SZ,金财互联,金财互联控股股份有限公司
002531.SZ,天顺风能,天顺风能(苏州)股份有限公司
002532.SZ,新界泵业,天山铝业集团股份有限公司
002533.SZ,金杯电工,金杯电工股份有限公司
002534.SZ,杭锅股份,杭州锅炉集团股份有限公司
002536.SZ,飞龙股份,飞龙汽车部件股份有限公司
002537.SZ,海联金汇,海联金汇科技股份有限公司
002538.SZ,司尔特,安徽省司尔特肥业股份有限公司
002539.SZ,云图控股,成都云图控股股份有限公司
002540.SZ,亚太科技,江苏亚太轻合金科技股份有限公司
002541.SZ,鸿路钢构,安徽鸿路钢结构(集团)股份有限公司
002543.SZ,万和电气,广东万和新电气股份有限公司
002544.SZ,杰赛科技,广州杰赛科技股份有限公司
002545.SZ,东方铁塔,青岛东方铁塔股份有限公司
002546.SZ,新联电子,南京新联电子股份有限公司
002547.SZ,春兴精工,苏州春兴精工股份有限公司
002548.SZ,金新农,深圳市金新农科技股份有限公司
002549.SZ,凯美特气,湖南凯美特气体股份有限公司
002550.SZ,千红制药,常州千红生化制药股份有限公司
002551.SZ,尚荣医疗,深圳市尚荣医疗股份有限公司
002552.SZ,宝鼎科技,宝鼎科技股份有限公司
002553.SZ,南方轴承,江苏南方轴承股份有限公司
002554.SZ,惠博普,华油惠博普科技股份有限公司
002555.SZ,三七互娱,芜湖三七互娱网络科技集团股份有限公司
002556.SZ,辉隆股份,安徽辉隆农资集团股份有限公司
002557.SZ,洽洽食品,洽洽食品股份有限公司
002558.SZ,巨人网络,巨人网络集团股份有限公司
002559.SZ,亚威股份,江苏亚威机床股份有限公司
002560.SZ,通达股份,河南通达电缆股份有限公司
002561.SZ,徐家汇,上海徐家汇商城股份有限公司
002562.SZ,兄弟科技,兄弟科技股份有限公司
002563.SZ,森马服饰,浙江森马服饰股份有限公司
002565.SZ,顺灏股份,上海顺灏新材料科技股份有限公司
002566.SZ,益盛药业,吉林省集安益盛药业股份有限公司
002567.SZ,唐人神,唐人神集团股份有限公司
002568.SZ,百润股份,上海百润投资控股集团股份有限公司
002570.SZ,贝因美,贝因美股份有限公司
002571.SZ,德力股份,安徽德力日用玻璃股份有限公司
002572.SZ,索菲亚,索菲亚家居股份有限公司
002573.SZ,清新环境,北京清新环境技术股份有限公司
002574.SZ,明牌珠宝,浙江明牌珠宝股份有限公司
002576.SZ,通达动力,江苏通达动力科技股份有限公司
002577.SZ,雷柏科技,深圳雷柏科技股份有限公司
002578.SZ,闽发铝业,福建省闽发铝业股份有限公司
002579.SZ,中京电子,惠州中京电子科技股份有限公司
002580.SZ,圣阳股份,山东圣阳电源股份有限公司
002581.SZ,未名医药,山东未名生物医药股份有限公司
002582.SZ,好想你,好想你健康食品股份有限公司
002583.SZ,海能达,海能达通信股份有限公司
002584.SZ,西陇科学,西陇科学股份有限公司
002585.SZ,双星新材,江苏双星彩塑新材料股份有限公司
002587.SZ,奥拓电子,深圳市奥拓电子股份有限公司
002588.SZ,史丹利,史丹利农业集团股份有限公司
002589.SZ,瑞康医药,瑞康医药集团股份有限公司
002590.SZ,万安科技,浙江万安科技股份有限公司
002591.SZ,恒大高新,江西恒大高新技术股份有限公司
002593.SZ,日上集团,厦门日上集团股份有限公司
002594.SZ,比亚迪,比亚迪股份有限公司
002595.SZ,豪迈科技,山东豪迈机械科技股份有限公司
002596.SZ,海南瑞泽,海南瑞泽新型建材股份有限公司
002597.SZ,金禾实业,安徽金禾实业股份有限公司
002598.SZ,山东章鼓,山东省章丘鼓风机股份有限公司
002599.SZ,盛通股份,北京盛通印刷股份有限公司
002600.SZ,领益智造,广东领益智造股份有限公司
002601.SZ,龙蟒佰利,龙蟒佰利联集团股份有限公司
002602.SZ,世纪华通,浙江世纪华通集团股份有限公司
002603.SZ,以岭药业,石家庄以岭药业股份有限公司
002605.SZ,姚记科技,上海姚记科技股份有限公司
002606.SZ,大连电瓷,大连电瓷集团股份有限公司
002607.SZ,中公教育,中公教育科技股份有限公司
002608.SZ,江苏国信,江苏国信股份有限公司
002609.SZ,捷顺科技,深圳市捷顺科技实业股份有限公司
002610.SZ,爱康科技,江苏爱康科技股份有限公司
002611.SZ,东方精工,广东东方精工科技股份有限公司
002612.SZ,朗姿股份,朗姿股份有限公司
002613.SZ,北玻股份,洛阳北方玻璃技术股份有限公司
002614.SZ,奥佳华,奥佳华智能健康科技集团股份有限公司
002615.SZ,哈尔斯,浙江哈尔斯真空器皿股份有限公司
002616.SZ,长青集团,广东长青(集团)股份有限公司
002617.SZ,露笑科技,露笑科技股份有限公司
002618.SZ,丹邦科技,深圳丹邦科技股份有限公司
002619.SZ,艾格拉斯,艾格拉斯股份有限公司
002620.SZ,瑞和股份,深圳瑞和建筑装饰股份有限公司
002621.SZ,美吉姆,大连美吉姆教育科技股份有限公司
002622.SZ,融钰集团,融钰集团股份有限公司
002623.SZ,亚玛顿,常州亚玛顿股份有限公司
002624.SZ,完美世界,完美世界股份有限公司
002625.SZ,光启技术,光启技术股份有限公司
002626.SZ,金达威,厦门金达威集团股份有限公司
002627.SZ,宜昌交运,湖北宜昌交运集团股份有限公司
002630.SZ,华西能源,华西能源工业股份有限公司
002631.SZ,德尔未来,德尔未来科技控股集团股份有限公司
002632.SZ,道明光学,道明光学股份有限公司
002633.SZ,申科股份,申科滑动轴承股份有限公司
002634.SZ,棒杰股份,浙江棒杰控股集团股份有限公司
002635.SZ,安洁科技,苏州安洁科技股份有限公司
002636.SZ,金安国纪,金安国纪科技股份有限公司
002637.SZ,赞宇科技,赞宇科技集团股份有限公司
002639.SZ,雪人股份,福建雪人股份有限公司
002640.SZ,跨境通,跨境通宝电子商务股份有限公司
002641.SZ,永高股份,永高股份有限公司
002642.SZ,荣联科技,荣联科技集团股份有限公司
002643.SZ,万润股份,中节能万润股份有限公司
002644.SZ,佛慈制药,兰州佛慈制药股份有限公司
002645.SZ,华宏科技,江苏华宏科技股份有限公司
002646.SZ,青青稞酒,青海互助青稞酒股份有限公司
002648.SZ,卫星石化,浙江卫星石化股份有限公司
002649.SZ,博彦科技,博彦科技股份有限公司
002651.SZ,利君股份,成都利君实业股份有限公司
002652.SZ,扬子新材,苏州扬子江新型材料股份有限公司
002653.SZ,海思科,海思科医药集团股份有限公司
002654.SZ,万润科技,深圳万润科技股份有限公司
002655.SZ,共达电声,共达电声股份有限公司
002657.SZ,中科金财,北京中科金财科技股份有限公司
002658.SZ,雪迪龙,北京雪迪龙科技股份有限公司
002659.SZ,凯文教育,北京凯文德信教育科技股份有限公司
002660.SZ,茂硕电源,茂硕电源科技股份有限公司
002661.SZ,克明面业,克明面业股份有限公司
002662.SZ,京威股份,北京威卡威汽车零部件股份有限公司
002664.SZ,长鹰信质,长鹰信质科技股份有限公司
002665.SZ,首航高科,首航高科能源技术股份有限公司
002666.SZ,德联集团,广东德联集团股份有限公司
002667.SZ,鞍重股份,鞍山重型矿山机器股份有限公司
002668.SZ,奥马电器,广东奥马电器股份有限公司
002669.SZ,康达新材,上海康达化工新材料集团股份有限公司
002671.SZ,龙泉股份,山东龙泉管道工程股份有限公司
002672.SZ,东江环保,东江环保股份有限公司
002674.SZ,兴业科技,兴业皮革科技股份有限公司
002675.SZ,东诚药业,烟台东诚药业集团股份有限公司
002676.SZ,顺威股份,广东顺威精密塑料股份有限公司
002677.SZ,浙江美大,浙江美大实业股份有限公司
002678.SZ,珠江钢琴,广州珠江钢琴集团股份有限公司
002679.SZ,福建金森,福建金森林业股份有限公司
002682.SZ,龙洲股份,龙洲集团股份有限公司
002683.SZ,宏大爆破,广东宏大爆破股份有限公司
002685.SZ,华东重机,无锡华东重型机械股份有限公司
002686.SZ,亿利达,浙江亿利达风机股份有限公司
002687.SZ,乔治白,浙江乔治白服饰股份有限公司
002688.SZ,金河生物,金河生物科技股份有限公司
002689.SZ,远大智能,沈阳远大智能工业集团股份有限公司
002690.SZ,美亚光电,合肥美亚光电技术股份有限公司
002691.SZ,冀凯股份,冀凯装备制造股份有限公司
002693.SZ,双成药业,海南双成药业股份有限公司
002694.SZ,顾地科技,顾地科技股份有限公司
002695.SZ,煌上煌,江西煌上煌集团食品股份有限公司
002696.SZ,百洋股份,百洋产业投资集团股份有限公司
002697.SZ,红旗连锁,成都红旗连锁股份有限公司
002698.SZ,博实股份,哈尔滨博实自动化股份有限公司
002699.SZ,美盛文化,美盛文化创意股份有限公司
002701.SZ,奥瑞金,奥瑞金科技股份有限公司
002702.SZ,海欣食品,海欣食品股份有限公司
002703.SZ,浙江世宝,浙江世宝股份有限公司
002705.SZ,新宝股份,广东新宝电器股份有限公司
002706.SZ,良信电器,上海良信电器股份有限公司
002707.SZ,众信旅游,众信旅游集团股份有限公司
002708.SZ,光洋股份,常州光洋轴承股份有限公司
002709.SZ,天赐材料,广州天赐高新材料股份有限公司
002712.SZ,思美传媒,思美传媒股份有限公司
002713.SZ,东易日盛,东易日盛家居装饰集团股份有限公司
002714.SZ,牧原股份,牧原食品股份有限公司
002715.SZ,登云股份,怀集登云汽配股份有限公司
002717.SZ,岭南股份,岭南生态文旅股份有限公司
002718.SZ,友邦吊顶,浙江友邦集成吊顶股份有限公司
002721.SZ,金一文化,北京金一文化发展股份有限公司
002722.SZ,金轮股份,金轮蓝海股份有限公司
002723.SZ,金莱特,广东金莱特电器股份有限公司
002724.SZ,海洋王,海洋王照明科技股份有限公司
002725.SZ,跃岭股份,浙江跃岭股份有限公司
002726.SZ,龙大肉食,山东龙大肉食品股份有限公司
002727.SZ,一心堂,一心堂药业集团股份有限公司
002728.SZ,特一药业,特一药业集团股份有限公司
002729.SZ,好利来,好利来(中国)电子科技股份有限公司
002730.SZ,电光科技,电光防爆科技股份有限公司
002731.SZ,萃华珠宝,沈阳萃华金银珠宝股份有限公司
002732.SZ,燕塘乳业,广东燕塘乳业股份有限公司
002733.SZ,雄韬股份,深圳市雄韬电源科技股份有限公司
002734.SZ,利民股份,利民控股集团股份有限公司
002735.SZ,王子新材,深圳王子新材料股份有限公司
002737.SZ,葵花药业,葵花药业集团股份有限公司
002738.SZ,中矿资源,中矿资源集团股份有限公司
002739.SZ,万达电影,万达电影股份有限公司
002740.SZ,爱迪尔,福建省爱迪尔珠宝实业股份有限公司
002741.SZ,光华科技,广东光华科技股份有限公司
002742.SZ,三圣股份,重庆三圣实业股份有限公司
002743.SZ,富煌钢构,安徽富煌钢构股份有限公司
002745.SZ,木林森,木林森股份有限公司
002746.SZ,仙坛股份,山东仙坛股份有限公司
002747.SZ,埃斯顿,南京埃斯顿自动化股份有限公司
002748.SZ,世龙实业,江西世龙实业股份有限公司
002749.SZ,国光股份,四川国光农化股份有限公司
002750.SZ,龙津药业,昆明龙津药业股份有限公司
002751.SZ,易尚展示,深圳市易尚展示股份有限公司
002753.SZ,永东股份,山西永东化工股份有限公司
002755.SZ,奥赛康,北京奥赛康药业股份有限公司
002756.SZ,永兴材料,永兴特种材料科技股份有限公司
002757.SZ,南兴股份,南兴装备股份有限公司
002758.SZ,华通医药,浙农集团股份有限公司
002759.SZ,天际股份,广东天际电器股份有限公司
002760.SZ,凤形股份,安徽省凤形耐磨材料股份有限公司
002762.SZ,金发拉比,金发拉比妇婴童用品股份有限公司
002763.SZ,汇洁股份,深圳汇洁集团股份有限公司
002765.SZ,蓝黛传动,蓝黛科技集团股份有限公司
002767.SZ,先锋电子,杭州先锋电子技术股份有限公司
002768.SZ,国恩股份,青岛国恩科技股份有限公司
002769.SZ,普路通,深圳市普路通供应链管理股份有限公司
002771.SZ,真视通,北京真视通科技股份有限公司
002772.SZ,众兴菌业,天水众兴菌业科技股份有限公司
002773.SZ,康弘药业,成都康弘药业集团股份有限公司
002774.SZ,快意电梯,快意电梯股份有限公司
002776.SZ,柏堡龙,广东柏堡龙股份有限公司
002777.SZ,久远银海,四川久远银海软件股份有限公司
002778.SZ,高科石化,江苏高科石化股份有限公司
002779.SZ,中坚科技,浙江中坚科技股份有限公司
002780.SZ,三夫户外,北京三夫户外用品股份有限公司
002781.SZ,奇信股份,深圳市奇信集团股份有限公司
002782.SZ,可立克,深圳可立克科技股份有限公司
002783.SZ,凯龙股份,湖北凯龙化工集团股份有限公司
002785.SZ,万里石,厦门万里石股份有限公司
002786.SZ,银宝山新,深圳市银宝山新科技股份有限公司
002787.SZ,华源控股,苏州华源控股股份有限公司
002788.SZ,鹭燕医药,鹭燕医药股份有限公司
002789.SZ,建艺集团,深圳市建艺装饰集团股份有限公司
002790.SZ,瑞尔特,厦门瑞尔特卫浴科技股份有限公司
002791.SZ,坚朗五金,广东坚朗五金制品股份有限公司
002792.SZ,通宇通讯,广东通宇通讯股份有限公司
002793.SZ,罗欣药业,罗欣药业集团股份有限公司
002795.SZ,永和智控,永和流体智控股份有限公司
002796.SZ,世嘉科技,苏州市世嘉科技股份有限公司
002798.SZ,帝欧家居,帝欧家居股份有限公司
002799.SZ,环球印务,西安环球印务股份有限公司
002800.SZ,天顺股份,新疆天顺供应链股份有限公司
002801.SZ,微光股份,杭州微光电子股份有限公司
002802.SZ,洪汇新材,无锡洪汇新材料科技股份有限公司
002803.SZ,吉宏股份,厦门吉宏科技股份有限公司
002805.SZ,丰元股份,山东丰元化学股份有限公司
002806.SZ,华锋股份,广东华锋新能源科技股份有限公司
002808.SZ,恒久科技,苏州恒久光电科技股份有限公司
002809.SZ,红墙股份,广东红墙新材料股份有限公司
002810.SZ,山东赫达,山东赫达股份有限公司
002811.SZ,郑中设计,深圳市郑中设计股份有限公司
002812.SZ,恩捷股份,云南恩捷新材料股份有限公司
002813.SZ,路畅科技,深圳市路畅科技股份有限公司
002815.SZ,崇达技术,崇达技术股份有限公司
002816.SZ,和科达,深圳市和科达精密清洗设备股份有限公司
002817.SZ,黄山胶囊,安徽黄山胶囊股份有限公司
002818.SZ,富森美,成都富森美家居股份有限公司
002819.SZ,东方中科,北京东方中科集成科技股份有限公司
002820.SZ,桂发祥,天津桂发祥十八街麻花食品股份有限公司
002821.SZ,凯莱英,凯莱英医药集团(天津)股份有限公司
002822.SZ,中装建设,深圳市中装建设集团股份有限公司
002823.SZ,凯中精密,深圳市凯中精密技术股份有限公司
002824.SZ,和胜股份,广东和胜工业铝材股份有限公司
002825.SZ,纳尔股份,上海纳尔实业股份有限公司
002826.SZ,易明医药,西藏易明西雅医药科技股份有限公司
002827.SZ,高争民爆,西藏高争民爆股份有限公司
002828.SZ,贝肯能源,新疆贝肯能源工程股份有限公司
002829.SZ,星网宇达,北京星网宇达科技股份有限公司
002830.SZ,名雕股份,深圳市名雕装饰股份有限公司
002831.SZ,裕同科技,深圳市裕同包装科技股份有限公司
002832.SZ,比音勒芬,比音勒芬服饰股份有限公司
002833.SZ,弘亚数控,广州弘亚数控机械股份有限公司
002835.SZ,同为股份,深圳市同为数码科技股份有限公司
002836.SZ,新宏泽,广东新宏泽包装股份有限公司
002837.SZ,英维克,深圳市英维克科技股份有限公司
002838.SZ,道恩股份,山东道恩高分子材料股份有限公司
002840.SZ,华统股份,浙江华统肉制品股份有限公司
002841.SZ,视源股份,广州视源电子科技股份有限公司
002842.SZ,翔鹭钨业,广东翔鹭钨业股份有限公司
002843.SZ,泰嘉股份,湖南泰嘉新材料科技股份有限公司
002845.SZ,同兴达,深圳同兴达科技股份有限公司
002846.SZ,英联股份,广东英联包装股份有限公司
002847.SZ,盐津铺子,盐津铺子食品股份有限公司
002848.SZ,高斯贝尔,高斯贝尔数码科技股份有限公司
002849.SZ,威星智能,浙江威星智能仪表股份有限公司
002850.SZ,科达利,深圳市科达利实业股份有限公司
002851.SZ,麦格米特,深圳麦格米特电气股份有限公司
002852.SZ,道道全,道道全粮油股份有限公司
002853.SZ,皮阿诺,广东皮阿诺科学艺术家居股份有限公司
002855.SZ,捷荣技术,东莞捷荣技术股份有限公司
002856.SZ,美芝股份,深圳市美芝装饰设计工程股份有限公司
002857.SZ,三晖电气,郑州三晖电气股份有限公司
002858.SZ,力盛赛车,上海力盛赛车文化股份有限公司
002859.SZ,洁美科技,浙江洁美电子科技股份有限公司
002860.SZ,星帅尔,杭州星帅尔电器股份有限公司
002861.SZ,瀛通通讯,瀛通通讯股份有限公司
002862.SZ,实丰文化,实丰文化发展股份有限公司
002863.SZ,今飞凯达,浙江今飞凯达轮毂股份有限公司
002864.SZ,盘龙药业,陕西盘龙药业集团股份有限公司
002865.SZ,钧达股份,海南钧达汽车饰件股份有限公0028002861.SZ
002866.SZ,传艺科技,江苏传艺科技股份有限公司
002867.SZ,周大生,周大生珠宝股份有限公司
002868.SZ,绿康生化,绿康生化股份有限公司
002869.SZ,金溢科技,深圳市金溢科技股份有限公司
002870.SZ,香山股份,广东香山衡器集团股份有限公司
002871.SZ,伟隆股份,青岛伟隆阀门股份有限公司
002873.SZ,新天药业,贵阳新天药业股份有限公司
002875.SZ,安奈儿,深圳市安奈儿股份有限公司
002876.SZ,三利谱,深圳市三利谱光电科技股份有限公司
002877.SZ,智能自控,无锡智能自控工程股份有限公司
002878.SZ,元隆雅图,北京元隆雅图文化传播股份有限公司
002879.SZ,长缆科技,长缆电工科技股份有限公司
002880.SZ,卫光生物,深圳市卫光生物制品股份有限公司
002881.SZ,美格智能,美格智能技术股份有限公司
002882.SZ,金龙羽,金龙羽集团股份有限公司
002883.SZ,中设股份,江苏中设集团股份有限公司
002884.SZ,凌霄泵业,广东凌霄泵业股份有限公司
002885.SZ,京泉华,深圳市京泉华科技股份有限公司
002886.SZ,沃特股份,深圳市沃特新材料股份有限公司
002887.SZ,绿茵生态,天津绿茵景观生态建设股份有限公司
002888.SZ,惠威科技,广州惠威电声科技股份有限公司
002889.SZ,东方嘉盛,深圳市东方嘉盛供应链股份有限公司
002890.SZ,弘宇股份,山东弘宇农机股份有限公司
002891.SZ,中宠股份,烟台中宠食品股份有限公司
002892.SZ,科力尔,科力尔电机集团股份有限公司
002893.SZ,华通热力,北京华远意通热力科技股份有限公司
002895.SZ,川恒股份,贵州川恒化工股份有限公司
002896.SZ,中大力德,宁波中大力德智能传动股份有限公司
002897.SZ,意华股份,温州意华接插件股份有限公司
002898.SZ,赛隆药业,珠海赛隆药业股份有限公司
002899.SZ,英派斯,青岛英派斯健康科技股份有限公司
002900.SZ,哈三联,哈尔滨三联药业股份有限公司
002901.SZ,大博医疗,大博医疗科技股份有限公司
002902.SZ,铭普光磁,东莞铭普光磁股份有限公司
002903.SZ,宇环数控,宇环数控机床股份有限公司
002905.SZ,金逸影视,广州金逸影视传媒股份有限公司
002906.SZ,华阳集团,惠州市华阳集团股份有限公司
002907.SZ,华森制药,重庆华森制药股份有限公司
002908.SZ,德生科技,广东德生科技股份有限公司
002909.SZ,集泰股份,广州集泰化工股份有限公司
002910.SZ,庄园牧场,兰州庄园牧场股份有限公司
002911.SZ,佛燃能源,佛燃能源集团股份有限公司
002912.SZ,中新赛克,深圳市中新赛克科技股份有限公司
002913.SZ,奥士康,奥士康科技股份有限公司
002915.SZ,中欣氟材,浙江中欣氟材股份有限公司
002916.SZ,深南电路,深南电路股份有限公司
002917.SZ,金奥博,深圳市金奥博科技股份有限公司
002918.SZ,蒙娜丽莎,蒙娜丽莎集团股份有限公司
002919.SZ,名臣健康,名臣健康用品股份有限公司
002920.SZ,德赛西威,惠州市德赛西威汽车电子股份有限公司
002921.SZ,联诚精密,山东联诚精密制造股份有限公司
002922.SZ,伊戈尔,伊戈尔电气股份有限公司
002923.SZ,润都股份,珠海润都制药股份有限公司
002925.SZ,盈趣科技,厦门盈趣科技股份有限公司
002927.SZ,泰永长征,贵州泰永长征技术股份有限公司
002928.SZ,华夏航空,华夏航空股份有限公司
002929.SZ,润建股份,润建股份有限公司
002930.SZ,宏川智慧,广东宏川智慧物流股份有限公司
002931.SZ,锋龙股份,浙江锋龙电气股份有限公司
002932.SZ,明德生物,武汉明德生物科技股份有限公司
002933.SZ,新兴装备,北京新兴东方航空装备股份有限公司
002935.SZ,天奥电子,成都天奥电子股份有限公司
002937.SZ,兴瑞科技,宁波兴瑞电子科技股份有限公司
002938.SZ,鹏鼎控股,鹏鼎控股(深圳)股份有限公司
002940.SZ,昂利康,浙江昂利康制药股份有限公司
002942.SZ,新农股份,浙江新农化工股份有限公司
002943.SZ,宇晶股份,湖南宇晶机器股份有限公司
002946.SZ,新乳业,新希望乳业股份有限公司
002947.SZ,恒铭达,苏州恒铭达电子科技股份有限公司
002949.SZ,华阳国际,深圳市华阳国际工程设计股份有限公司
002950.SZ,奥美医疗,奥美医疗用品股份有限公司
002951.SZ,金时科技,四川金时科技股份有限公司
002952.SZ,亚世光电,亚世光电股份有限公司
002953.SZ,日丰股份,广东日丰电缆股份有限公司
002955.SZ,鸿合科技,鸿合科技股份有限公司
002956.SZ,西麦食品,桂林西麦食品股份有限公司
002957.SZ,科瑞技术,深圳科瑞技术股份有限公司
002959.SZ,小熊电器,小熊电器股份有限公司
002960.SZ,青鸟消防,青鸟消防股份有限公司
002962.SZ,五方光电,湖北五方光电股份有限公司
002963.SZ,豪尔赛,豪尔赛科技集团股份有限公司
002965.SZ,祥鑫科技,祥鑫科技股份有限公司
002967.SZ,广电计量,广州广电计量检测股份有限公司
002969.SZ,嘉美包装,嘉美食品包装(滁州)股份有限公司
002970.SZ,锐明技术,深圳市锐明技术股份有限公司
002971.SZ,和远气体,湖北和远气体股份有限公司
002972.SZ,科安达,深圳科安达电子科技股份有限公司
002973.SZ,侨银环保,侨银城市管理股份有限公司
002975.SZ,博杰股份,珠海博杰电子股份有限公司
002976.SZ,瑞玛工业,苏州瑞玛精密工业股份有限公司
002977.SZ,天箭科技,成都天箭科技股份有限公司
002978.SZ,安宁股份,四川安宁铁钛股份有限公司
002979.SZ,雷赛智能,深圳市雷赛智能控制股份有限公司
002980.SZ,华盛昌,深圳市华盛昌科技实业股份有限公司
002981.SZ,朝阳科技,广东朝阳电子科技股份有限公司
002982.SZ,湘佳股份,湖南湘佳牧业股份有限公司
002983.SZ,芯瑞达,安徽芯瑞达科技股份有限公司
002985.SZ,北摩高科,北京北摩高科摩擦材料股份有限公司
002986.SZ,宇新股份,湖南宇新能源科技股份有限公司
002987.SZ,京北方,京北方信息技术股份有限公司
002988.SZ,豪美新材,广东豪美新材股份有限公司
002989.SZ,中天精装,深圳中天精装股份有限公司
002990.SZ,盛视科技,盛视科技股份有限公司
002991.SZ,甘源食品,甘源食品股份有限公司
002992.SZ,宝明科技,深圳市宝明科技股份有限公司
002993.SZ,奥海科技,东莞市奥海科技股份有限公司
002995.SZ,天地在线,北京全时天地在线网络信息股份有限公司
002996.SZ,顺博合金,重庆顺博铝合金股份有限公司
003816.SZ,中国广核,中国广核电力股份有限公司
300001.SZ,特锐德,青岛特锐德电气股份有限公司
300002.SZ,神州泰岳,北京神州泰岳软件股份有限公司
300003.SZ,乐普医疗,乐普(北京)医疗器械股份有限公司
300004.SZ,南风股份,南方风机股份有限公司
300005.SZ,探路者,探路者控股集团股份有限公司
300006.SZ,莱美药业,重庆莱美药业股份有限公司
300007.SZ,汉威科技,汉威科技集团股份有限公司
300009.SZ,安科生物,安徽安科生物工程(集团)股份有限公司
300010.SZ,豆神教育,豆神教育科技(北京)股份有限公司
300011.SZ,鼎汉技术,北京鼎汉技术集团股份有限公司
300012.SZ,华测检测,华测检测认证集团股份有限公司
300013.SZ,新宁物流,江苏新宁现代物流股份有限公司
300014.SZ,亿纬锂能,惠州亿纬锂能股份有限公司
300015.SZ,爱尔眼科,爱尔眼科医院集团股份有限公司
300016.SZ,北陆药业,北京北陆药业股份有限公司
300017.SZ,网宿科技,网宿科技股份有限公司
300018.SZ,中元股份,武汉中元华电科技股份有限公司
300019.SZ,硅宝科技,成都硅宝科技股份有限公司
300020.SZ,银江股份,银江股份有限公司
300021.SZ,大禹节水,大禹节水集团股份有限公司
300022.SZ,吉峰科技,吉峰三农科技服务股份有限公司
300024.SZ,机器人,沈阳新松机器人自动化股份有限公司
300025.SZ,华星创业,杭州华星创业通信技术股份有限公司
300026.SZ,红日药业,天津红日药业股份有限公司
300027.SZ,华谊兄弟,华谊兄弟传媒股份有限公司
300029.SZ,天龙光电,江苏华盛天龙光电设备股份有限公司
300030.SZ,阳普医疗,广州阳普医疗科技股份有限公司
300031.SZ,宝通科技,无锡宝通科技股份有限公司
300032.SZ,金龙机电,金龙机电股份有限公司
300034.SZ,钢研高纳,北京钢研高纳科技股份有限公司
300035.SZ,中科电气,湖南中科电气股份有限公司
300036.SZ,超图软件,北京超图软件股份有限公司
300037.SZ,新宙邦,深圳新宙邦科技股份有限公司
300038.SZ,数知科技,北京数知科技股份有限公司
300039.SZ,上海凯宝,上海凯宝药业股份有限公司
300040.SZ,九洲集团,哈尔滨九洲集团股份有限公司
300041.SZ,回天新材,湖北回天新材料股份有限公司
300042.SZ,朗科科技,深圳市朗科科技股份有限公司
300043.SZ,星辉娱乐,星辉互动娱乐股份有限公司
300044.SZ,赛为智能,深圳市赛为智能股份有限公司
300045.SZ,华力创通,北京华力创通科技股份有限公司
300046.SZ,台基股份,湖北台基半导体股份有限公司
300047.SZ,天源迪科,深圳天源迪科信息技术股份有限公司
300048.SZ,合康新能,北京合康新能科技股份有限公司
300049.SZ,福瑞股份,内蒙古福瑞医疗科技股份有限公司
300050.SZ,世纪鼎利,珠海世纪鼎利科技股份有限公司
300051.SZ,三五互联,厦门三五互联科技股份有限公司
300052.SZ,中青宝,深圳中青宝互动网络股份有限公司
300053.SZ,欧比特,珠海欧比特宇航科技股份有限公司
300054.SZ,鼎龙股份,湖北鼎龙控股股份有限公司
300056.SZ,中创环保,厦门中创环保科技股份有限公司
300057.SZ,万顺新材,汕头万顺新材集团股份有限公司
300058.SZ,蓝色光标,北京蓝色光标数据科技股份有限公司
300061.SZ,旗天科技,旗天科技集团股份有限公司
300062.SZ,中能电气,中能电气股份有限公司
300063.SZ,天龙集团,广东天龙科技集团股份有限公司
300064.SZ,豫金刚石,郑州华晶金刚石股份有限公司
300065.SZ,海兰信,北京海兰信数据科技股份有限公司
300066.SZ,三川智慧,三川智慧科技股份有限公司
300067.SZ,安诺其,上海安诺其集团股份有限公司
300068.SZ,南都电源,浙江南都电源动力股份有限公司
300069.SZ,金利华电,浙江金利华电气股份有限公司
300070.SZ,碧水源,北京碧水源科技股份有限公司
300071.SZ,华谊嘉信,北京华谊嘉信整合营销顾问集团股份有限公司
300072.SZ,三聚环保,北京三聚环保新材料股份有限公司
300073.SZ,当升科技,北京当升材料科技股份有限公司
300074.SZ,华平股份,华平信息技术股份有限公司
300075.SZ,数字政通,北京数字政通科技股份有限公司
300076.SZ,GQY视讯,宁波GQY视讯股份有限公司
300077.SZ,国民技术,国民技术股份有限公司
300078.SZ,思创医惠,思创医惠科技股份有限公司
300079.SZ,数码科技,北京数码视讯科技股份有限公司
300080.SZ,易成新能,河南易成新能源股份有限公司
300081.SZ,恒信东方,恒信东方文化股份有限公司
300082.SZ,奥克股份,辽宁奥克化学股份有限公司
300083.SZ,创世纪,广东创世纪智能装备集团股份有限公司
300084.SZ,海默科技,海默科技(集团)股份有限公司
300085.SZ,银之杰,深圳市银之杰科技股份有限公司
300086.SZ,康芝药业,康芝药业股份有限公司
300087.SZ,荃银高科,安徽荃银高科种业股份有限公司
300088.SZ,长信科技,芜湖长信科技股份有限公司
300089.SZ,文化长城,广东文化长城集团股份有限公司
300091.SZ,金通灵,金通灵科技集团股份有限公司
300092.SZ,科新机电,四川科新机电股份有限公司
300093.SZ,金刚玻璃,广东金刚玻璃科技股份有限公司
300094.SZ,国联水产,湛江国联水产开发股份有限公司
300095.SZ,华伍股份,江西华伍制动器股份有限公司
300096.SZ,易联众,易联众信息技术股份有限公司
300097.SZ,智云股份,大连智云自动化装备股份有限公司
300098.SZ,高新兴,高新兴科技集团股份有限公司
300099.SZ,精准信息,尤洛卡精准信息工程股份有限公司
300100.SZ,双林股份,宁波双林汽车部件股份有限公司
300101.SZ,振芯科技,成都振芯科技股份有限公司
300102.SZ,乾照光电,厦门乾照光电股份有限公司
300103.SZ,达刚控股,达刚控股集团股份有限公司
300105.SZ,龙源技术,烟台龙源电力技术股份有限公司
300106.SZ,西部牧业,新疆西部牧业股份有限公司
300107.SZ,建新股份,河北建新化工股份有限公司
300108.SZ,吉药控股,吉药控股集团股份有限公司
300109.SZ,新开源,博爱新开源医疗科技集团股份有限公司
300110.SZ,华仁药业,华仁药业股份有限公司
300111.SZ,向日葵,浙江向日葵大健康科技股份有限公司
300112.SZ,万讯自控,深圳万讯自控股份有限公司
300113.SZ,顺网科技,杭州顺网科技股份有限公司
300114.SZ,中航电测,中航电测仪器股份有限公司
300115.SZ,长盈精密,深圳市长盈精密技术股份有限公司
300116.SZ,坚瑞沃能,保力新能源科技股份有限公司
300117.SZ,嘉寓股份,北京嘉寓门窗幕墙股份有限公司
300118.SZ,东方日升,东方日升新能源股份有限公司
300119.SZ,瑞普生物,天津瑞普生物技术股份有限公司
300120.SZ,经纬辉开,天津经纬辉开光电股份有限公司
300121.SZ,阳谷华泰,山东阳谷华泰化工股份有限公司
300122.SZ,智飞生物,重庆智飞生物制品股份有限公司
300123.SZ,亚光科技,亚光科技集团股份有限公司
300124.SZ,汇川技术,深圳市汇川技术股份有限公司
300125.SZ,聆达股份,聆达集团股份有限公司
300126.SZ,锐奇股份,锐奇控股股份有限公司
300127.SZ,银河磁体,成都银河磁体股份有限公司
300128.SZ,锦富技术,苏州锦富技术股份有限公司
300129.SZ,泰胜风能,上海泰胜风能装备股份有限公司
300130.SZ,新国都,深圳市新国都股份有限公司
300131.SZ,英唐智控,深圳市英唐智能控制股份有限公司
300132.SZ,青松股份,福建青松股份有限公司
300133.SZ,华策影视,浙江华策影视股份有限公司
300134.SZ,大富科技,大富科技(安徽)股份有限公司
300135.SZ,宝利国际,江苏宝利国际投资股份有限公司
300136.SZ,信维通信,深圳市信维通信股份有限公司
300137.SZ,先河环保,河北先河环保科技股份有限公司
300138.SZ,晨光生物,晨光生物科技集团股份有限公司
300139.SZ,晓程科技,北京晓程科技股份有限公司
300140.SZ,中环装备,中节能环保装备股份有限公司
300141.SZ,和顺电气,苏州工业园区和顺电气股份有限公司
300142.SZ,沃森生物,云南沃森生物技术股份有限公司
300143.SZ,盈康生命,盈康生命科技股份有限公司
300144.SZ,宋城演艺,宋城演艺发展股份有限公司
300145.SZ,中金环境,南方中金环境股份有限公司
300146.SZ,汤臣倍健,汤臣倍健股份有限公司
300147.SZ,香雪制药,广州市香雪制药股份有限公司
300148.SZ,天舟文化,天舟文化股份有限公司
300149.SZ,量子生物,睿智医药科技股份有限公司
300150.SZ,世纪瑞尔,北京世纪瑞尔技术股份有限公司
300151.SZ,昌红科技,深圳市昌红科技股份有限公司
300152.SZ,科融环境,雄安科融环境科技股份有限公司
300153.SZ,科泰电源,上海科泰电源股份有限公司
300154.SZ,瑞凌股份,深圳市瑞凌实业股份有限公司
300155.SZ,安居宝,广东安居宝数码科技股份有限公司
300157.SZ,恒泰艾普,恒泰艾普集团股份有限公司
300158.SZ,振东制药,山西振东制药股份有限公司
300159.SZ,新研股份,新疆机械研究院股份有限公司
300160.SZ,秀强股份,江苏秀强玻璃工艺股份有限公司
300161.SZ,华中数控,武汉华中数控股份有限公司
300162.SZ,雷曼光电,深圳雷曼光电科技股份有限公司
300163.SZ,先锋新材,宁波先锋新材料股份有限公司
300164.SZ,通源石油,通源石油科技集团股份有限公司
300165.SZ,天瑞仪器,江苏天瑞仪器股份有限公司
300166.SZ,东方国信,北京东方国信科技股份有限公司
300167.SZ,迪威迅,深圳市迪威迅股份有限公司
300168.SZ,万达信息,万达信息股份有限公司
300169.SZ,天晟新材,常州天晟新材料股份有限公司
300170.SZ,汉得信息,上海汉得信息技术股份有限公司
300171.SZ,东富龙,上海东富龙科技股份有限公司
300172.SZ,中电环保,中电环保股份有限公司
300173.SZ,福能东方,福能东方装备科技股份有限公司
300174.SZ,元力股份,福建元力活性炭股份有限公司
300175.SZ,朗源股份,朗源股份有限公司
300176.SZ,派生科技,广东派生智能科技股份有限公司
300177.SZ,中海达,广州中海达卫星导航技术股份有限公司
300178.SZ,腾邦国际,腾邦国际商业服务集团股份有限公司
300179.SZ,四方达,河南四方达超硬材料股份有限公司
300180.SZ,华峰超纤,上海华峰超纤科技股份有限公司
300181.SZ,佐力药业,浙江佐力药业股份有限公司
300182.SZ,捷成股份,北京捷成世纪科技股份有限公司
300183.SZ,东软载波,青岛东软载波科技股份有限公司
300184.SZ,力源信息,武汉力源信息技术股份有限公司
300185.SZ,通裕重工,通裕重工股份有限公司
300187.SZ,永清环保,永清环保股份有限公司
300188.SZ,美亚柏科,厦门市美亚柏科信息股份有限公司
300189.SZ,神农科技,海南神农科技股份有限公司
300190.SZ,维尔利,维尔利环保科技集团股份有限公司
300191.SZ,潜能恒信,潜能恒信能源技术股份有限公司
300192.SZ,科斯伍德,苏州科德教育科技股份有限公司
300193.SZ,佳士科技,深圳市佳士科技股份有限公司
300194.SZ,福安药业,福安药业(集团)股份有限公司
300195.SZ,长荣股份,天津长荣科技集团股份有限公司
300196.SZ,长海股份,江苏长海复合材料股份有限公司
300197.SZ,铁汉生态,深圳市铁汉生态环境股份有限公司
300198.SZ,纳川股份,福建纳川管材科技股份有限公司
300199.SZ,翰宇药业,深圳翰宇药业股份有限公司
300200.SZ,高盟新材,北京高盟新材料股份有限公司
300201.SZ,海伦哲,徐州海伦哲专用车辆股份有限公司
300202.SZ,聚龙股份,聚龙股份有限公司
300203.SZ,聚光科技,聚光科技(杭州)股份有限公司
300204.SZ,舒泰神,舒泰神(北京)生物制药股份有限公司
300205.SZ,天喻信息,武汉天喻信息产业股份有限公司
300206.SZ,理邦仪器,深圳市理邦精密仪器股份有限公司
300207.SZ,欣旺达,欣旺达电子股份有限公司
300208.SZ,青岛中程,青岛中资中程集团股份有限公司
300209.SZ,天泽信息,天泽信息产业股份有限公司
300210.SZ,森远股份,鞍山森远路桥股份有限公司
300211.SZ,亿通科技,江苏亿通高科技股份有限公司
300212.SZ,易华录,北京易华录信息技术股份有限公司
300213.SZ,佳讯飞鸿,北京佳讯飞鸿电气股份有限公司
300214.SZ,日科化学,山东日科化学股份有限公司
300215.SZ,电科院,苏州电器科学研究院股份有限公司
300217.SZ,东方电热,镇江东方电热科技股份有限公司
300218.SZ,安利股份,安徽安利材料科技股份有限公司
300219.SZ,鸿利智汇,鸿利智汇集团股份有限公司
300220.SZ,金运激光,武汉金运激光股份有限公司
300221.SZ,银禧科技,广东银禧科技股份有限公司
300222.SZ,科大智能,科大智能科技股份有限公司
300223.SZ,北京君正,北京君正集成电路股份有限公司
300224.SZ,正海磁材,烟台正海磁性材料股份有限公司
300225.SZ,金力泰,上海金力泰化工股份有限公司
300226.SZ,上海钢联,上海钢联电子商务股份有限公司
300227.SZ,光韵达,深圳光韵达光电科技股份有限公司
300228.SZ,富瑞特装,张家港富瑞特种装备股份有限公司
300229.SZ,拓尔思,拓尔思信息技术股份有限公司
300230.SZ,永利股份,上海永利带业股份有限公司
300231.SZ,银信科技,北京银信长远科技股份有限公司
300232.SZ,洲明科技,深圳市洲明科技股份有限公司
300233.SZ,金城医药,山东金城医药集团股份有限公司
300234.SZ,开尔新材,浙江开尔新材料股份有限公司
300235.SZ,方直科技,深圳市方直科技股份有限公司
300236.SZ,上海新阳,上海新阳半导体材料股份有限公司
300238.SZ,冠昊生物,冠昊生物科技股份有限公司
300239.SZ,东宝生物,包头东宝生物技术股份有限公司
300240.SZ,飞力达,江苏飞力达国际物流股份有限公司
300241.SZ,瑞丰光电,深圳市瑞丰光电子股份有限公司
300242.SZ,佳云科技,广东佳兆业佳云科技股份有限公司
300243.SZ,瑞丰高材,山东瑞丰高分子材料股份有限公司
300244.SZ,迪安诊断,迪安诊断技术集团股份有限公司
300245.SZ,天玑科技,上海天玑科技股份有限公司
300246.SZ,宝莱特,广东宝莱特医用科技股份有限公司
300247.SZ,融捷健康,融捷健康科技股份有限公司
300248.SZ,新开普,新开普电子股份有限公司
300249.SZ,依米康,依米康科技集团股份有限公司
300250.SZ,初灵信息,杭州初灵信息技术股份有限公司
300251.SZ,光线传媒,北京光线传媒股份有限公司
300252.SZ,金信诺,深圳金信诺高新技术股份有限公司
300253.SZ,卫宁健康,卫宁健康科技集团股份有限公司
300254.SZ,仟源医药,山西仟源医药集团股份有限公司
300255.SZ,常山药业,河北常山生化药业股份有限公司
300256.SZ,星星科技,浙江星星科技股份有限公司
300257.SZ,开山股份,浙江开山压缩机股份有限公司
300258.SZ,精锻科技,江苏太平洋精锻科技股份有限公司
300259.SZ,新天科技,新天科技股份有限公司
300260.SZ,新莱应材,昆山新莱洁净应用材料股份有限公司
300261.SZ,雅本化学,雅本化学股份有限公司
300262.SZ,巴安水务,上海巴安水务股份有限公司
300263.SZ,隆华科技,隆华科技集团(洛阳)股份有限公司
300264.SZ,佳创视讯,深圳市佳创视讯技术股份有限公司
300265.SZ,通光线缆,江苏通光电子线缆股份有限公司
300266.SZ,兴源环境,兴源环境科技股份有限公司
300267.SZ,尔康制药,湖南尔康制药股份有限公司
300268.SZ,佳沃股份,佳沃农业开发股份有限公司
300269.SZ,联建光电,深圳市联建光电股份有限公司
300270.SZ,中威电子,杭州中威电子股份有限公司
300271.SZ,华宇软件,北京华宇软件股份有限公司
300272.SZ,开能健康,开能健康科技集团股份有限公司
300273.SZ,和佳医疗,珠海和佳医疗设备股份有限公司
300274.SZ,阳光电源,阳光电源股份有限公司
300275.SZ,梅安森,重庆梅安森科技股份有限公司
300276.SZ,三丰智能,三丰智能装备集团股份有限公司
300277.SZ,海联讯,深圳海联讯科技股份有限公司
300278.SZ,华昌达,华昌达智能装备集团股份有限公司
300279.SZ,和晶科技,无锡和晶科技股份有限公司
300280.SZ,紫天科技,江苏紫天传媒科技股份有限公司
300281.SZ,金明精机,广东金明精机股份有限公司
300282.SZ,三盛教育,三盛智慧教育科技股份有限公司
300283.SZ,温州宏丰,温州宏丰电工合金股份有限公司
300284.SZ,苏交科,苏交科集团股份有限公司
300285.SZ,国瓷材料,山东国瓷功能材料股份有限公司
300286.SZ,安科瑞,安科瑞电气股份有限公司
300287.SZ,飞利信,北京飞利信科技股份有限公司
300288.SZ,朗玛信息,贵阳朗玛信息技术股份有限公司
300289.SZ,利德曼,北京利德曼生化股份有限公司
300290.SZ,荣科科技,荣科科技股份有限公司
300291.SZ,华录百纳,北京华录百纳影视股份有限公司
300292.SZ,吴通控股,吴通控股集团股份有限公司
300293.SZ,蓝英装备,沈阳蓝英工业自动化装备股份有限公司
300294.SZ,博雅生物,博雅生物制药集团股份有限公司
300295.SZ,三六五网,江苏三六五网络股份有限公司
300296.SZ,利亚德,利亚德光电股份有限公司
300297.SZ,蓝盾股份,蓝盾信息安全技术股份有限公司
300298.SZ,三诺生物,三诺生物传感股份有限公司
300299.SZ,富春股份,富春科技股份有限公司
300300.SZ,汉鼎宇佑,海峡创新互联网股份有限公司
300301.SZ,长方集团,深圳市长方集团股份有限公司
300302.SZ,同有科技,北京同有飞骥科技股份有限公司
300303.SZ,聚飞光电,深圳市聚飞光电股份有限公司
300304.SZ,云意电气,江苏云意电气股份有限公司
300305.SZ,裕兴股份,江苏裕兴薄膜科技股份有限公司
300306.SZ,远方信息,杭州远方光电信息股份有限公司
300307.SZ,慈星股份,宁波慈星股份有限公司
300308.SZ,中际旭创,中际旭创股份有限公司
300310.SZ,宜通世纪,宜通世纪科技股份有限公司
300311.SZ,任子行,任子行网络技术股份有限公司
300312.SZ,邦讯技术,邦讯技术股份有限公司
300313.SZ,天山生物,新疆天山畜牧生物工程股份有限公司
300314.SZ,戴维医疗,宁波戴维医疗器械股份有限公司
300315.SZ,掌趣科技,北京掌趣科技股份有限公司
300316.SZ,晶盛机电,浙江晶盛机电股份有限公司
300317.SZ,珈伟新能,珈伟新能源股份有限公司
300318.SZ,博晖创新,北京博晖创新生物技术股份有限公司
300319.SZ,麦捷科技,深圳市麦捷微电子科技股份有限公司
300320.SZ,海达股份,江阴海达橡塑股份有限公司
300321.SZ,同大股份,山东同大海岛新材料股份有限公司
300322.SZ,硕贝德,惠州硕贝德无线科技股份有限公司
300323.SZ,华灿光电,华灿光电股份有限公司
300324.SZ,旋极信息,北京旋极信息技术股份有限公司
300325.SZ,德威新材,江苏德威新材料股份有限公司
300326.SZ,凯利泰,上海凯利泰医疗科技股份有限公司
300327.SZ,中颖电子,中颖电子股份有限公司
300328.SZ,宜安科技,东莞宜安科技股份有限公司
300329.SZ,海伦钢琴,海伦钢琴股份有限公司
300330.SZ,华虹计通,上海华虹计通智能系统股份有限公司
300331.SZ,苏大维格,苏州苏大维格科技集团股份有限公司
300332.SZ,天壕环境,天壕环境股份有限公司
300333.SZ,兆日科技,深圳兆日科技股份有限公司
300334.SZ,津膜科技,天津膜天膜科技股份有限公司
300335.SZ,迪森股份,广州迪森热能技术股份有限公司
300336.SZ,新文化,上海新文化传媒集团股份有限公司
300337.SZ,银邦股份,银邦金属复合材料股份有限公司
300338.SZ,开元股份,开元教育科技集团股份有限公司
300339.SZ,润和软件,江苏润和软件股份有限公司
300340.SZ,科恒股份,江门市科恒实业股份有限公司
300341.SZ,麦克奥迪,麦克奥迪(厦门)电气股份有限公司
300342.SZ,天银机电,常熟市天银机电股份有限公司
300343.SZ,联创股份,山东联创产业发展集团股份有限公司
300344.SZ,太空智造,太空智造股份有限公司
300345.SZ,华民股份,湖南华民控股集团股份有限公司
300346.SZ,南大光电,江苏南大光电材料股份有限公司
300347.SZ,泰格医药,杭州泰格医药科技股份有限公司
300348.SZ,长亮科技,深圳市长亮科技股份有限公司
300349.SZ,金卡智能,金卡智能集团股份有限公司
300350.SZ,华鹏飞,华鹏飞股份有限公司
300351.SZ,永贵电器,浙江永贵电器股份有限公司
300352.SZ,北信源,北京北信源软件股份有限公司
300353.SZ,东土科技,北京东土科技股份有限公司
300354.SZ,东华测试,江苏东华测试技术股份有限公司
300355.SZ,蒙草生态,内蒙古蒙草生态环境(集团)股份有限公司
300356.SZ,光一科技,光一科技股份有限公司
300357.SZ,我武生物,浙江我武生物科技股份有限公司
300358.SZ,楚天科技,楚天科技股份有限公司
300359.SZ,全通教育,全通教育集团(广东)股份有限公司
300360.SZ,炬华科技,杭州炬华科技股份有限公司
300363.SZ,博腾股份,重庆博腾制药科技股份有限公司
300364.SZ,中文在线,中文在线数字出版集团股份有限公司
300365.SZ,恒华科技,北京恒华伟业科技股份有限公司
300366.SZ,创意信息,创意信息技术股份有限公司
300367.SZ,东方网力,东方网力科技股份有限公司
300368.SZ,汇金股份,河北汇金机电股份有限公司
300369.SZ,绿盟科技,绿盟科技集团股份有限公司
300370.SZ,安控科技,北京安控科技股份有限公司
300371.SZ,汇中股份,汇中仪表股份有限公司
300373.SZ,扬杰科技,扬州扬杰电子科技股份有限公司
300374.SZ,中铁装配,中铁装配式建筑股份有限公司
300375.SZ,鹏翎股份,天津鹏翎集团股份有限公司
300376.SZ,易事特,易事特集团股份有限公司
300377.SZ,赢时胜,深圳市赢时胜信息技术股份有限公司
300378.SZ,鼎捷软件,鼎捷软件股份有限公司
300379.SZ,东方通,北京东方通科技股份有限公司
300380.SZ,安硕信息,上海安硕信息技术股份有限公司
300381.SZ,溢多利,广东溢多利生物科技股份有限公司
300382.SZ,斯莱克,苏州斯莱克精密设备股份有限公司
300383.SZ,光环新网,北京光环新网科技股份有限公司
300384.SZ,三联虹普,北京三联虹普新合纤技术服务股份有限公司
300385.SZ,雪浪环境,无锡雪浪环境科技股份有限公司
300386.SZ,飞天诚信,飞天诚信科技股份有限公司
300387.SZ,富邦股份,湖北富邦科技股份有限公司
300388.SZ,国祯环保,中节能国祯环保科技股份有限公司
300389.SZ,艾比森,深圳市艾比森光电股份有限公司
300390.SZ,天华超净,苏州天华超净科技股份有限公司
300391.SZ,康跃科技,康跃科技股份有限公司
300392.SZ,腾信股份,北京腾信创新网络营销技术股份有限公司
300393.SZ,中来股份,苏州中来光伏新材股份有限公司
300394.SZ,天孚通信,苏州天孚光通信股份有限公司
300395.SZ,菲利华,湖北菲利华石英玻璃股份有限公司
300396.SZ,迪瑞医疗,迪瑞医疗科技股份有限公司
300397.SZ,天和防务,西安天和防务技术股份有限公司
300398.SZ,飞凯材料,上海飞凯光电材料股份有限公司
300399.SZ,京天利,江西天利科技股份有限公司
300400.SZ,劲拓股份,深圳市劲拓自动化设备股份有限公司
300401.SZ,花园生物,浙江花园生物高科股份有限公司
300402.SZ,宝色股份,南京宝色股份公司
300403.SZ,汉宇集团,汉宇集团股份有限公司
300404.SZ,博济医药,广州博济医药生物技术股份有限公司
300405.SZ,科隆股份,辽宁科隆精细化工股份有限公司
300406.SZ,九强生物,北京九强生物技术股份有限公司
300407.SZ,凯发电气,天津凯发电气股份有限公司
300408.SZ,三环集团,潮州三环(集团)股份有限公司
300409.SZ,道氏技术,广东道氏技术股份有限公司
300410.SZ,正业科技,广东正业科技股份有限公司
300411.SZ,金盾股份,浙江金盾风机股份有限公司
300412.SZ,迦南科技,浙江迦南科技股份有限公司
300413.SZ,芒果超媒,芒果超媒股份有限公司
300414.SZ,中光防雷,四川中光防雷科技股份有限公司
300415.SZ,伊之密,广东伊之密精密机械股份有限公司
300416.SZ,苏试试验,苏州苏试试验集团股份有限公司
300417.SZ,南华仪器,佛山市南华仪器股份有限公司
300418.SZ,昆仑万维,北京昆仑万维科技股份有限公司
300419.SZ,浩丰科技,北京浩丰创源科技股份有限公司
300420.SZ,五洋停车,江苏五洋停车产业集团股份有限公司
300421.SZ,力星股份,江苏力星通用钢球股份有限公司
300422.SZ,博世科,广西博世科环保科技股份有限公司
300424.SZ,航新科技,广州航新航空科技股份有限公司
300425.SZ,中建环能,中建环能科技股份有限公司
300426.SZ,唐德影视,浙江唐德影视股份有限公司
300427.SZ,红相股份,红相股份有限公司
300428.SZ,四通新材,河北四通新型金属材料股份有限公司
300429.SZ,强力新材,常州强力电子新材料股份有限公司
300430.SZ,诚益通,北京诚益通控制工程科技股份有限公司
300432.SZ,富临精工,绵阳富临精工股份有限公司
300433.SZ,蓝思科技,蓝思科技股份有限公司
300434.SZ,金石亚药,四川金石亚洲医药股份有限公司
300435.SZ,中泰股份,杭州中泰深冷技术股份有限公司
300436.SZ,广生堂,福建广生堂药业股份有限公司
300437.SZ,清水源,河南清水源科技股份有限公司
300438.SZ,鹏辉能源,广州鹏辉能源科技股份有限公司
300439.SZ,美康生物,美康生物科技股份有限公司
300440.SZ,运达科技,成都运达科技股份有限公司
300441.SZ,鲍斯股份,宁波鲍斯能源装备股份有限公司
300442.SZ,普丽盛,上海普丽盛包装股份有限公司
300443.SZ,金雷股份,金雷科技股份公司
300444.SZ,双杰电气,北京双杰电气股份有限公司
300445.SZ,康斯特,北京康斯特仪表科技股份有限公司
300446.SZ,乐凯新材,保定乐凯新材料股份有限公司
300447.SZ,全信股份,南京全信传输科技股份有限公司
300448.SZ,浩云科技,浩云科技股份有限公司
300449.SZ,汉邦高科,北京汉邦高科数字技术股份有限公司
300450.SZ,先导智能,无锡先导智能装备股份有限公司
300451.SZ,创业慧康,创业慧康科技股份有限公司
300452.SZ,山河药辅,安徽山河药用辅料股份有限公司
300453.SZ,三鑫医疗,江西三鑫医疗科技股份有限公司
300454.SZ,深信服,深信服科技股份有限公司
300455.SZ,康拓红外,北京康拓红外技术股份有限公司
300456.SZ,赛微电子,北京赛微电子股份有限公司
300457.SZ,赢合科技,深圳市赢合科技股份有限公司
300458.SZ,全志科技,珠海全志科技股份有限公司
300459.SZ,金科文化,浙江金科文化产业股份有限公司
300460.SZ,惠伦晶体,广东惠伦晶体科技股份有限公司
300461.SZ,田中精机,浙江田中精机股份有限公司
300462.SZ,华铭智能,上海华铭智能终端设备股份有限公司
300463.SZ,迈克生物,迈克生物股份有限公司
300464.SZ,星徽精密,广东星徽精密制造股份有限公司
300465.SZ,高伟达,高伟达软件股份有限公司
300466.SZ,赛摩智能,赛摩智能科技集团股份有限公司
300467.SZ,迅游科技,四川迅游网络科技股份有限公司
300468.SZ,四方精创,深圳四方精创资讯股份有限公司
300469.SZ,信息发展,上海信联信息发展股份有限公司
300470.SZ,中密控股,中密控股股份有限公司
300471.SZ,厚普股份,厚普清洁能源股份有限公司
300472.SZ,新元科技,万向新元科技股份有限公司
300473.SZ,德尔股份,阜新德尔汽车部件股份有限公司
300474.SZ,景嘉微,长沙景嘉微电子股份有限公司
300475.SZ,聚隆科技,安徽聚隆传动科技股份有限公司
300476.SZ,胜宏科技,胜宏科技(惠州)股份有限公司
300477.SZ,合纵科技,北京合纵科技股份有限公司
300478.SZ,杭州高新,杭州高新橡塑材料股份有限公司
300479.SZ,神思电子,神思电子技术股份有限公司
300480.SZ,光力科技,光力科技股份有限公司
300481.SZ,濮阳惠成,濮阳惠成电子材料股份有限公司
300482.SZ,万孚生物,广州万孚生物技术股份有限公司
300483.SZ,沃施股份,首华燃气科技(上海)股份有限公司
300484.SZ,蓝海华腾,深圳市蓝海华腾技术股份有限公司
300485.SZ,赛升药业,北京赛升药业股份有限公司
300486.SZ,东杰智能,东杰智能科技集团股份有限公司
300487.SZ,蓝晓科技,西安蓝晓科技新材料股份有限公司
300488.SZ,恒锋工具,恒锋工具股份有限公司
300489.SZ,中飞股份,哈尔滨中飞新技术股份有限公司
300490.SZ,华自科技,华自科技股份有限公司
300491.SZ,通合科技,石家庄通合电子科技股份有限公司
300492.SZ,华图山鼎,华图山鼎设计股份有限公司
300493.SZ,润欣科技,上海润欣科技股份有限公司
300494.SZ,盛天网络,湖北盛天网络技术股份有限公司
300495.SZ,美尚生态,美尚生态景观股份有限公司
300496.SZ,中科创达,中科创达软件股份有限公司
300497.SZ,富祥药业,江西富祥药业股份有限公司
300498.SZ,温氏股份,温氏食品集团股份有限公司
300499.SZ,高澜股份,广州高澜节能技术股份有限公司
300500.SZ,启迪设计,启迪设计集团股份有限公司
300501.SZ,海顺新材,上海海顺新型药用包装材料股份有限公司
300502.SZ,新易盛,成都新易盛通信技术股份有限公司
300503.SZ,昊志机电,广州市昊志机电股份有限公司
300504.SZ,天邑股份,四川天邑康和通信股份有限公司
300505.SZ,川金诺,昆明川金诺化工股份有限公司
300506.SZ,名家汇,深圳市名家汇科技股份有限公司
300507.SZ,苏奥传感,江苏奥力威传感高科股份有限公司
300508.SZ,维宏股份,上海维宏电子科技股份有限公司
300509.SZ,新美星,江苏新美星包装机械股份有限公司
300510.SZ,金冠股份,吉林省金冠电气股份有限公司
300511.SZ,雪榕生物,上海雪榕生物科技股份有限公司
300512.SZ,中亚股份,杭州中亚机械股份有限公司
300513.SZ,恒实科技,北京恒泰实达科技股份有限公司
300514.SZ,友讯达,深圳友讯达科技股份有限公司
300515.SZ,三德科技,湖南三德科技股份有限公司
300516.SZ,久之洋,湖北久之洋红外系统股份有限公司
300518.SZ,盛讯达,深圳市盛讯达科技股份有限公司
300519.SZ,新光药业,浙江新光药业股份有限公司
300520.SZ,科大国创,科大国创软件股份有限公司
300521.SZ,爱司凯,爱司凯科技股份有限公司
300522.SZ,世名科技,苏州世名科技股份有限公司
300523.SZ,辰安科技,北京辰安科技股份有限公司
300525.SZ,博思软件,福建博思软件股份有限公司
300526.SZ,中潜股份,中潜股份有限公司
300527.SZ,中船应急,中国船舶重工集团应急预警与救援装备股份有限公司
300528.SZ,幸福蓝海,幸福蓝海影视文化集团股份有限公司
300529.SZ,健帆生物,健帆生物科技集团股份有限公司
300530.SZ,达志科技,广东达志环保科技股份有限公司
300531.SZ,优博讯,深圳市优博讯科技股份有限公司
300532.SZ,今天国际,深圳市今天国际物流技术股份有限公司
300533.SZ,冰川网络,深圳冰川网络股份有限公司
300534.SZ,陇神戎发,甘肃陇神戎发药业股份有限公司
300535.SZ,达威股份,四川达威科技股份有限公司
300537.SZ,广信材料,江苏广信感光新材料股份有限公司
300538.SZ,同益股份,深圳市同益实业股份有限公司
300539.SZ,横河模具,宁波横河模具股份有限公司
300540.SZ,深冷股份,成都深冷液化设备股份有限公司
300541.SZ,先进数通,北京先进数通信息技术股份公司
300542.SZ,新晨科技,新晨科技股份有限公司
300543.SZ,朗科智能,深圳市朗科智能电气股份有限公司
300545.SZ,联得装备,深圳市联得自动化装备股份有限公司
300546.SZ,雄帝科技,深圳市雄帝科技股份有限公司
300547.SZ,川环科技,四川川环科技股份有限公司
300548.SZ,博创科技,博创科技股份有限公司
300549.SZ,优德精密,优德精密工业(昆山)股份有限公司
300550.SZ,和仁科技,浙江和仁科技股份有限公司
300551.SZ,古鳌科技,上海古鳌电子科技股份有限公司
300552.SZ,万集科技,北京万集科技股份有限公司
300553.SZ,集智股份,杭州集智机电股份有限公司
300554.SZ,三超新材,南京三超新材料股份有限公司
300555.SZ,路通视信,无锡路通视信网络股份有限公司
300556.SZ,丝路视觉,丝路视觉科技股份有限公司
300557.SZ,理工光科,武汉理工光科股份有限公司
300558.SZ,贝达药业,贝达药业股份有限公司
300559.SZ,佳发教育,成都佳发安泰教育科技股份有限公司
300560.SZ,中富通,中富通集团股份有限公司
300561.SZ,汇金科技,珠海汇金科技股份有限公司
300562.SZ,乐心医疗,广东乐心医疗电子股份有限公司
300563.SZ,神宇股份,神宇通信科技股份公司
300564.SZ,筑博设计,筑博设计股份有限公司
300565.SZ,科信技术,深圳市科信通信技术股份有限公司
300566.SZ,激智科技,宁波激智科技股份有限公司
300567.SZ,精测电子,武汉精测电子集团股份有限公司
300568.SZ,星源材质,深圳市星源材质科技股份有限公司
300569.SZ,天能重工,青岛天能重工股份有限公司
300570.SZ,太辰光,深圳太辰光通信股份有限公司
300571.SZ,平治信息,杭州平治信息技术股份有限公司
300572.SZ,安车检测,深圳市安车检测股份有限公司
300573.SZ,兴齐眼药,沈阳兴齐眼药股份有限公司
300575.SZ,中旗股份,江苏中旗科技股份有限公司
300576.SZ,容大感光,深圳市容大感光科技股份有限公司
300577.SZ,开润股份,安徽开润股份有限公司
300578.SZ,会畅通讯,上海会畅通讯股份有限公司
300579.SZ,数字认证,北京数字认证股份有限公司
300580.SZ,贝斯特,无锡贝斯特精机股份有限公司
300581.SZ,晨曦航空,西安晨曦航空科技股份有限公司
300582.SZ,英飞特,英飞特电子(杭州)股份有限公司
300583.SZ,赛托生物,山东赛托生物科技股份有限公司
300584.SZ,海辰药业,南京海辰药业股份有限公司
300585.SZ,奥联电子,南京奥联汽车电子电器股份有限公司
300586.SZ,美联新材,广东美联新材料股份有限公司
300587.SZ,天铁股份,浙江天铁实业股份有限公司
300588.SZ,熙菱信息,新疆熙菱信息技术股份有限公司
300589.SZ,江龙船艇,江龙船艇科技股份有限公司
300590.SZ,移为通信,上海移为通信技术股份有限公司
300591.SZ,万里马,广东万里马实业股份有限公司
300592.SZ,华凯创意,湖南华凯文化创意股份有限公司
300593.SZ,新雷能,北京新雷能科技股份有限公司
300594.SZ,朗进科技,山东朗进科技股份有限公司
300595.SZ,欧普康视,欧普康视科技股份有限公司
300596.SZ,利安隆,天津利安隆新材料股份有限公司
300597.SZ,吉大通信,吉林吉大通信设计院股份有限公司
300598.SZ,诚迈科技,诚迈科技(南京)股份有限公司
300599.SZ,雄塑科技,广东雄塑科技集团股份有限公司
300600.SZ,瑞特股份,常熟市国瑞科技股份有限公司
300601.SZ,康泰生物,深圳康泰生物制品股份有限公司
300602.SZ,飞荣达,深圳市飞荣达科技股份有限公司
300603.SZ,立昂技术,立昂技术股份有限公司
300604.SZ,长川科技,杭州长川科技股份有限公司
300605.SZ,恒锋信息,恒锋信息科技股份有限公司
300606.SZ,金太阳,东莞金太阳研磨股份有限公司
300607.SZ,拓斯达,广东拓斯达科技股份有限公司
300608.SZ,思特奇,北京思特奇信息技术股份有限公司
300609.SZ,汇纳科技,汇纳科技股份有限公司
300610.SZ,晨化股份,扬州晨化新材料股份有限公司
300611.SZ,美力科技,浙江美力科技股份有限公司
300612.SZ,宣亚国际,宣亚国际营销科技(北京)股份有限公司
300613.SZ,富瀚微,上海富瀚微电子股份有限公司
300615.SZ,欣天科技,深圳市欣天科技股份有限公司
300616.SZ,尚品宅配,广州尚品宅配家居股份有限公司
300617.SZ,安靠智电,江苏安靠智能输电工程科技股份有限公司
300618.SZ,寒锐钴业,南京寒锐钴业股份有限公司
300619.SZ,金银河,佛山市金银河智能装备股份有限公司
300620.SZ,光库科技,珠海光库科技股份有限公司
300621.SZ,维业股份,深圳市维业装饰集团股份有限公司
300622.SZ,博士眼镜,博士眼镜连锁股份有限公司
300623.SZ,捷捷微电,江苏捷捷微电子股份有限公司
300624.SZ,万兴科技,万兴科技集团股份有限公司
300625.SZ,三雄极光,广东三雄极光照明股份有限公司
300626.SZ,华瑞股份,华瑞电器股份有限公司
300627.SZ,华测导航,上海华测导航技术股份有限公司
300628.SZ,亿联网络,厦门亿联网络技术股份有限公司
300629.SZ,新劲刚,广东新劲刚新材料科技股份有限公司
300630.SZ,普利制药,海南普利制药股份有限公司
300631.SZ,久吾高科,江苏久吾高科技股份有限公司
300632.SZ,光莆股份,厦门光莆电子股份有限公司
300633.SZ,开立医疗,深圳开立生物医疗科技股份有限公司
300634.SZ,彩讯股份,彩讯科技股份有限公司
300635.SZ,中达安,中达安股份有限公司
300636.SZ,同和药业,江西同和药业股份有限公司
300637.SZ,扬帆新材,浙江扬帆新材料股份有限公司
300638.SZ,广和通,深圳市广和通无线股份有限公司
300639.SZ,凯普生物,广东凯普生物科技股份有限公司
300640.SZ,德艺文创,德艺文化创意集团股份有限公司
300641.SZ,正丹股份,江苏正丹化学工业股份有限公司
300642.SZ,透景生命,上海透景生命科技股份有限公司
300643.SZ,万通智控,万通智控科技股份有限公司
300644.SZ,南京聚隆,南京聚隆科技股份有限公司
300645.SZ,正元智慧,浙江正元智慧科技股份有限公司
300647.SZ,超频三,深圳市超频三科技股份有限公司
300648.SZ,星云股份,福建星云电子股份有限公司
300650.SZ,太龙照明,太龙(福建)商业照明股份有限公司
300651.SZ,金陵体育,江苏金陵体育器材股份有限公司
300652.SZ,雷迪克,杭州雷迪克节能科技股份有限公司
300653.SZ,正海生物,烟台正海生物科技股份有限公司
300654.SZ,世纪天鸿,世纪天鸿教育科技股份有限公司
300655.SZ,晶瑞股份,苏州晶瑞化学股份有限公司
300656.SZ,民德电子,深圳市民德电子科技股份有限公司
300657.SZ,弘信电子,厦门弘信电子科技集团股份有限公司
300658.SZ,延江股份,厦门延江新材料股份有限公司
300659.SZ,中孚信息,中孚信息股份有限公司
300660.SZ,江苏雷利,江苏雷利电机股份有限公司
300661.SZ,圣邦股份,圣邦微电子(北京)股份有限公司
300662.SZ,科锐国际,北京科锐国际人力资源股份有限公司
300663.SZ,科蓝软件,北京科蓝软件系统股份有限公司
300664.SZ,鹏鹞环保,鹏鹞环保股份有限公司
300665.SZ,飞鹿股份,株洲飞鹿高新材料技术股份有限公司
300666.SZ,江丰电子,宁波江丰电子材料股份有限公司
300667.SZ,必创科技,北京必创科技股份有限公司
300668.SZ,杰恩设计,深圳市杰恩创意设计股份有限公司
300669.SZ,沪宁股份,杭州沪宁电梯部件股份有限公司
300670.SZ,大烨智能,江苏大烨智能电气股份有限公司
300671.SZ,富满电子,富满微电子集团股份有限公司
300672.SZ,国科微,湖南国科微电子股份有限公司
300673.SZ,佩蒂股份,佩蒂动物营养科技股份有限公司
300674.SZ,宇信科技,北京宇信科技集团股份有限公司
300675.SZ,建科院,深圳市建筑科学研究院股份有限公司
300676.SZ,华大基因,深圳华大基因股份有限公司
300677.SZ,英科医疗,英科医疗科技股份有限公司
300678.SZ,中科信息,中科院成都信息技术股份有限公司
300679.SZ,电连技术,电连技术股份有限公司
300680.SZ,隆盛科技,无锡隆盛科技股份有限公司
300681.SZ,英搏尔,珠海英搏尔电气股份有限公司
300682.SZ,朗新科技,朗新科技集团股份有限公司
300683.SZ,海特生物,武汉海特生物制药股份有限公司
300684.SZ,中石科技,北京中石伟业科技股份有限公司
300685.SZ,艾德生物,厦门艾德生物医药科技股份有限公司
300686.SZ,智动力,深圳市智动力精密技术股份有限公司
300687.SZ,赛意信息,广州赛意信息科技股份有限公司
300688.SZ,创业黑马,创业黑马科技集团股份有限公司
300689.SZ,澄天伟业,深圳市澄天伟业科技股份有限公司
300690.SZ,双一科技,山东双一科技股份有限公司
300691.SZ,联合光电,中山联合光电科技股份有限公司
300692.SZ,中环环保,安徽中环环保科技股份有限公司
300693.SZ,盛弘股份,深圳市盛弘电气股份有限公司
300694.SZ,蠡湖股份,无锡蠡湖增压技术股份有限公司
300695.SZ,兆丰股份,浙江兆丰机电股份有限公司
300696.SZ,爱乐达,成都爱乐达航空制造股份有限公司
300697.SZ,电工合金,江阴电工合金股份有限公司
300698.SZ,万马科技,万马科技股份有限公司
300699.SZ,光威复材,威海光威复合材料股份有限公司
300700.SZ,岱勒新材,长沙岱勒新材料科技股份有限公司
300701.SZ,森霸传感,森霸传感科技股份有限公司
300702.SZ,天宇股份,浙江天宇药业股份有限公司
300703.SZ,创源文化,宁波创源文化发展股份有限公司
300705.SZ,九典制药,湖南九典制药股份有限公司
300706.SZ,阿石创,福建阿石创新材料股份有限公司
300707.SZ,威唐工业,无锡威唐工业技术股份有限公司
300708.SZ,聚灿光电,聚灿光电科技股份有限公司
300709.SZ,精研科技,江苏精研科技股份有限公司
300710.SZ,万隆光电,杭州万隆光电设备股份有限公司
300711.SZ,广哈通信,广州广哈通信股份有限公司
300713.SZ,英可瑞,深圳市英可瑞科技股份有限公司
300715.SZ,凯伦股份,江苏凯伦建材股份有限公司
300716.SZ,国立科技,广东国立科技股份有限公司
300717.SZ,华信新材,江苏华信新材料股份有限公司
300718.SZ,长盛轴承,浙江长盛滑动轴承股份有限公司
300719.SZ,安达维尔,北京安达维尔科技股份有限公司
300720.SZ,海川智能,广东海川智能机器股份有限公司
300721.SZ,怡达股份,江苏怡达化学股份有限公司
300722.SZ,新余国科,江西新余国科科技股份有限公司
300723.SZ,一品红,一品红药业股份有限公司
300724.SZ,捷佳伟创,深圳市捷佳伟创新能源装备股份有限公司
300725.SZ,药石科技,南京药石科技股份有限公司
300726.SZ,宏达电子,株洲宏达电子股份有限公司
300727.SZ,润禾材料,宁波润禾高新材料科技股份有限公司
300729.SZ,乐歌股份,乐歌人体工学科技股份有限公司
300730.SZ,科创信息,湖南科创信息技术股份有限公司
300731.SZ,科创新源,深圳科创新源新材料股份有限公司
300732.SZ,设研院,河南省交通规划设计研究院股份有限公司
300733.SZ,西菱动力,成都西菱动力科技股份有限公司
300735.SZ,光弘科技,惠州光弘科技股份有限公司
300736.SZ,百邦科技,北京百华悦邦科技股份有限公司
300737.SZ,科顺股份,科顺防水科技股份有限公司
300738.SZ,奥飞数据,广东奥飞数据科技股份有限公司
300739.SZ,明阳电路,深圳明阳电路科技股份有限公司
300740.SZ,御家汇,御家汇股份有限公司
300741.SZ,华宝股份,华宝香精股份有限公司
300742.SZ,越博动力,南京越博动力系统股份有限公司
300743.SZ,天地数码,杭州天地数码科技股份有限公司
300745.SZ,欣锐科技,深圳欣锐科技股份有限公司
300746.SZ,汉嘉设计,汉嘉设计集团股份有限公司
300747.SZ,锐科激光,武汉锐科光纤激光技术股份有限公司
300748.SZ,金力永磁,江西金力永磁科技股份有限公司
300749.SZ,顶固集创,广东顶固集创家居股份有限公司
300750.SZ,宁德时代,宁德时代新能源科技股份有限公司
300751.SZ,迈为股份,苏州迈为科技股份有限公司
300752.SZ,隆利科技,深圳市隆利科技股份有限公司
300753.SZ,爱朋医疗,江苏爱朋医疗科技股份有限公司
300755.SZ,华致酒行,华致酒行连锁管理股份有限公司
300756.SZ,中山金马,中山市金马科技娱乐设备股份有限公司
300757.SZ,罗博特科,罗博特科智能科技股份有限公司
300758.SZ,七彩化学,鞍山七彩化学股份有限公司
300759.SZ,康龙化成,康龙化成(北京)新药技术股份有限公司
300760.SZ,迈瑞医疗,深圳迈瑞生物医疗电子股份有限公司
300761.SZ,立华股份,江苏立华牧业股份有限公司
300762.SZ,上海瀚讯,上海瀚讯信息技术股份有限公司
300763.SZ,锦浪科技,锦浪科技股份有限公司
300765.SZ,新诺威,石药集团新诺威制药股份有限公司
300766.SZ,每日互动,每日互动股份有限公司
300767.SZ,震安科技,震安科技股份有限公司
300768.SZ,迪普科技,杭州迪普科技股份有限公司
300769.SZ,德方纳米,深圳市德方纳米科技股份有限公司
300770.SZ,新媒股份,广东南方新媒体股份有限公司
300771.SZ,智莱科技,深圳市智莱科技股份有限公司
300772.SZ,运达股份,浙江运达风电股份有限公司
300773.SZ,拉卡拉,拉卡拉支付股份有限公司
300775.SZ,三角防务,西安三角防务股份有限公司
300776.SZ,帝尔激光,武汉帝尔激光科技股份有限公司
300777.SZ,中简科技,中简科技股份有限公司
300778.SZ,新城市,深圳市新城市规划建筑设计股份有限公司
300779.SZ,惠城环保,青岛惠城环保科技股份有限公司
300780.SZ,德恩精工,四川德恩精工科技股份有限公司
300781.SZ,因赛集团,广东因赛品牌营销集团股份有限公司
300782.SZ,卓胜微,江苏卓胜微电子股份有限公司
300783.SZ,三只松鼠,三只松鼠股份有限公司
300785.SZ,值得买,北京值得买科技股份有限公司
300786.SZ,国林科技,青岛国林环保科技股份有限公司
300787.SZ,海能实业,安福县海能实业股份有限公司
300788.SZ,中信出版,中信出版集团股份有限公司
300789.SZ,唐源电气,成都唐源电气股份有限公司
300790.SZ,宇瞳光学,东莞市宇瞳光学科技股份有限公司
300791.SZ,仙乐健康,仙乐健康科技股份有限公司
300792.SZ,壹网壹创,杭州壹网壹创科技股份有限公司
300793.SZ,佳禾智能,佳禾智能科技股份有限公司
300795.SZ,米奥会展,浙江米奥兰特商务会展股份有限公司
300796.SZ,贝斯美,绍兴贝斯美化工股份有限公司
300797.SZ,钢研纳克,钢研纳克检测技术股份有限公司
300798.SZ,锦鸡股份,江苏锦鸡实业股份有限公司
300799.SZ,左江科技,北京左江科技股份有限公司
300800.SZ,力合科技,力合科技(湖南)股份有限公司
300801.SZ,泰和科技,山东泰和水处理科技股份有限公司
300802.SZ,矩子科技,上海矩子科技股份有限公司
300805.SZ,电声股份,广东电声市场营销股份有限公司
300806.SZ,斯迪克,江苏斯迪克新材料科技股份有限公司
300807.SZ,天迈科技,郑州天迈科技股份有限公司
300808.SZ,久量股份,广东久量股份有限公司
300809.SZ,华辰装备,华辰精密装备(昆山)股份有限公司
300810.SZ,中科海讯,北京中科海讯数字科技股份有限公司
300811.SZ,铂科新材,深圳市铂科新材料股份有限公司
300812.SZ,易天股份,深圳市易天自动化设备股份有限公司
300813.SZ,泰林生物,浙江泰林生物技术股份有限公司
300815.SZ,玉禾田,玉禾田环境发展集团股份有限公司
300816.SZ,艾可蓝,安徽艾可蓝环保股份有限公司
300817.SZ,双飞股份,浙江双飞无油轴承股份有限公司
300818.SZ,耐普矿机,江西耐普矿机股份有限公司
300819.SZ,聚杰微纤,江苏聚杰微纤科技集团股份有限公司
300820.SZ,英杰电气,四川英杰电气股份有限公司
300821.SZ,东岳硅材,山东东岳有机硅材料股份有限公司
300822.SZ,贝仕达克,深圳贝仕达克技术股份有限公司
300823.SZ,建科机械,建科机械(天津)股份有限公司
300824.SZ,北鼎晶辉,深圳市北鼎晶辉科技股份有限公司
300825.SZ,阿尔特,阿尔特汽车技术股份有限公司
300826.SZ,测绘股份,南京市测绘勘察研究院股份有限公司
300827.SZ,上能电气,上能电气股份有限公司
300828.SZ,锐新科技,天津锐新昌科技股份有限公司
300829.SZ,金丹科技,河南金丹乳酸科技股份有限公司
300830.SZ,金现代,金现代信息产业股份有限公司
300831.SZ,派瑞股份,西安派瑞功率半导体变流技术股份有限公司
300832.SZ,新产业,深圳市新产业生物医学工程股份有限公司
300833.SZ,浩洋股份,广州市浩洋电子股份有限公司
300835.SZ,龙磁科技,安徽龙磁科技股份有限公司
300836.SZ,佰奥智能,昆山佰奥智能装备股份有限公司
300837.SZ,浙矿股份,浙江浙矿重工股份有限公司
300838.SZ,浙江力诺,浙江力诺流体控制科技股份有限公司
300839.SZ,博汇股份,宁波博汇化工科技股份有限公司
300840.SZ,酷特智能,青岛酷特智能股份有限公司
300841.SZ,康华生物,成都康华生物制品股份有限公司
300842.SZ,帝科股份,无锡帝科电子材料股份有限公司
300843.SZ,胜蓝股份,胜蓝科技股份有限公司
300845.SZ,捷安高科,郑州捷安高科股份有限公司
300846.SZ,首都在线,北京首都在线科技股份有限公司
300847.SZ,中船汉光,中船重工汉光科技股份有限公司
300848.SZ,美瑞新材,美瑞新材料股份有限公司
300849.SZ,锦盛新材,浙江锦盛新材料股份有限公司
300850.SZ,新强联,洛阳新强联回转支承股份有限公司
300851.SZ,交大思诺,北京交大思诺科技股份有限公司
300852.SZ,四会富仕,四会富仕电子科技股份有限公司
300853.SZ,申昊科技,杭州申昊科技股份有限公司
300855.SZ,图南股份,江苏图南合金股份有限公司
300856.SZ,科思股份,南京科思化学股份有限公司
300857.SZ,协创数据,协创数据技术股份有限公司
300858.SZ,科拓生物,北京科拓恒通生物技术股份有限公司
300859.SZ,西域旅游,西域旅游开发股份有限公司
300860.SZ,锋尚文化,北京锋尚世纪文化传媒股份有限公司
300861.SZ,美畅股份,杨凌美畅新材料股份有限公司
300862.SZ,蓝盾光电,安徽蓝盾光电子股份有限公司
300863.SZ,卡倍亿,宁波卡倍亿电气技术股份有限公司
300864.SZ,南大环境,南京大学环境规划设计研究院集团股份公司
300865.SZ,大宏立,成都大宏立机器股份有限公司
300866.SZ,安克创新,安克创新科技股份有限公司
300867.SZ,圣元环保,圣元环保股份有限公司
300868.SZ,杰美特,深圳市杰美特科技股份有限公司
300869.SZ,康泰医学,康泰医学系统(秦皇岛)股份有限公司
300870.SZ,欧陆通,深圳欧陆通电子股份有限公司
300871.SZ,回盛生物,武汉回盛生物科技股份有限公司
300872.SZ,天阳科技,天阳宏业科技股份有限公司
300873.SZ,海晨股份,江苏海晨物流股份有限公司
300875.SZ,捷强装备,天津捷强动力装备股份有限公司
300876.SZ,蒙泰高新,广东蒙泰高新纤维股份有限公司
300877.SZ,金春股份,安徽金春无纺布股份有限公司
300878.SZ,维康药业,浙江维康药业股份有限公司
600004.SH,白云机场,广州白云国际机场股份有限公司
600006.SH,东风汽车,东风汽车股份有限公司
600008.SH,首创股份,北京首创股份有限公司
600009.SH,上海机场,上海国际机场股份有限公司
600010.SH,包钢股份,内蒙古包钢钢联股份有限公司
600011.SH,华能国际,华能国际电力股份有限公司
600012.SH,皖通高速,安徽皖通高速公路股份有限公司
600017.SH,日照港,日照港股份有限公司
600019.SH,宝钢股份,宝山钢铁股份有限公司
600020.SH,中原高速,河南中原高速公路股份有限公司
600021.SH,上海电力,上海电力股份有限公司
600022.SH,山东钢铁,山东钢铁股份有限公司
600023.SH,浙能电力,浙江浙能电力股份有限公司
600025.SH,华能水电,华能澜沧江水电股份有限公司
600026.SH,中远海能,中远海运能源运输股份有限公司
600027.SH,华电国际,华电国际电力股份有限公司
600028.SH,中国石化,中国石油化工股份有限公司
600029.SH,南方航空,中国南方航空股份有限公司
600031.SH,三一重工,三一重工股份有限公司
600033.SH,福建高速,福建发展高速公路股份有限公司
600035.SH,楚天高速,湖北楚天智能交通股份有限公司
600037.SH,歌华有线,北京歌华有线电视网络股份有限公司
600038.SH,中直股份,中航直升机股份有限公司
600050.SH,中国联通,中国联合网络通信股份有限公司
600051.SH,宁波联合,宁波联合集团股份有限公司
600054.SH,黄山旅游,黄山旅游发展股份有限公司
600055.SH,万东医疗,北京万东医疗科技股份有限公司
600056.SH,中国医药,中国医药健康产业股份有限公司
600057.SH,厦门象屿,厦门象屿股份有限公司
600058.SH,五矿发展,五矿发展股份有限公司
600059.SH,古越龙山,浙江古越龙山绍兴酒股份有限公司
600060.SH,海信视像,海信视像科技股份有限公司
600062.SH,华润双鹤,华润双鹤药业股份有限公司
600063.SH,皖维高新,安徽皖维高新材料股份有限公司
600066.SH,宇通客车,郑州宇通客车股份有限公司
600070.SH,浙江富润,浙江富润数字科技股份有限公司
600071.SH,凤凰光学,凤凰光学股份有限公司
600073.SH,上海梅林,上海梅林正广和股份有限公司
600075.SH,新疆天业,新疆天业股份有限公司
600076.SH,康欣新材,康欣新材料股份有限公司
600078.SH,澄星股份,江苏澄星磷化工股份有限公司
600079.SH,人福医药,人福医药集团股份公司
600081.SH,东风科技,东风电子科技股份有限公司
600085.SH,同仁堂,北京同仁堂股份有限公司
600088.SH,中视传媒,中视传媒股份有限公司
600089.SH,特变电工,特变电工股份有限公司
600093.SH,易见股份,易见供应链管理股份有限公司
600095.SH,哈高科,湘财股份有限公司
600096.SH,云天化,云南云天化股份有限公司
600097.SH,开创国际,上海开创国际海洋资源股份有限公司
600098.SH,广州发展,广州发展集团股份有限公司
600099.SH,林海股份,林海股份有限公司
600100.SH,同方股份,同方股份有限公司
600101.SH,明星电力,四川明星电力股份有限公司
600103.SH,青山纸业,福建省青山纸业股份有限公司
600104.SH,上汽集团,上海汽车集团股份有限公司
600105.SH,永鼎股份,江苏永鼎股份有限公司
600106.SH,重庆路桥,重庆路桥股份有限公司
600107.SH,美尔雅,湖北美尔雅股份有限公司
600108.SH,亚盛集团,甘肃亚盛实业(集团)股份有限公司
600110.SH,诺德股份,诺德投资股份有限公司
600111.SH,北方稀土,中国北方稀土(集团)高科技股份有限公司
600113.SH,浙江东日,浙江东日股份有限公司
600114.SH,东睦股份,东睦新材料集团股份有限公司
600115.SH,东方航空,中国东方航空股份有限公司
600116.SH,三峡水利,重庆三峡水利电力(集团)股份有限公司
600117.SH,西宁特钢,西宁特殊钢股份有限公司
600118.SH,中国卫星,中国东方红卫星股份有限公司
600121.SH,郑州煤电,郑州煤电股份有限公司
600123.SH,兰花科创,山西兰花科技创业股份有限公司
600125.SH,铁龙物流,中铁铁龙集装箱物流股份有限公司
600126.SH,杭钢股份,杭州钢铁股份有限公司
600127.SH,金健米业,金健米业股份有限公司
600128.SH,弘业股份,江苏弘业股份有限公司
600129.SH,太极集团,重庆太极实业(集团)股份有限公司
600130.SH,波导股份,宁波波导股份有限公司
600131.SH,国网信通,国网信息通信股份有限公司
600132.SH,重庆啤酒,重庆啤酒股份有限公司
600135.SH,乐凯胶片,乐凯胶片股份有限公司
600136.SH,当代文体,武汉当代明诚文化体育集团股份有限公司
600137.SH,浪莎股份,四川浪莎控股股份有限公司
600138.SH,中青旅,中青旅控股股份有限公司
600141.SH,兴发集团,湖北兴发化工集团股份有限公司
600143.SH,金发科技,金发科技股份有限公司
600148.SH,长春一东,长春一东离合器股份有限公司
600150.SH,中国船舶,中国船舶工业股份有限公司
600151.SH,航天机电,上海航天汽车机电股份有限公司
600152.SH,维科技术,维科技术股份有限公司
600153.SH,建发股份,厦门建发股份有限公司
600156.SH,华升股份,湖南华升股份有限公司
600157.SH,永泰能源,永泰能源股份有限公司
600160.SH,巨化股份,浙江巨化股份有限公司
600161.SH,天坛生物,北京天坛生物制品股份有限公司
600163.SH,中闽能源,中闽能源股份有限公司
600165.SH,新日恒力,宁夏新日恒力钢丝绳股份有限公司
600166.SH,福田汽车,北汽福田汽车股份有限公司
600168.SH,武汉控股,武汉三镇实业控股股份有限公司
600169.SH,太原重工,太原重工股份有限公司
600171.SH,上海贝岭,上海贝岭股份有限公司
600172.SH,黄河旋风,河南黄河旋风股份有限公司
600176.SH,中国巨石,中国巨石股份有限公司
600177.SH,雅戈尔,雅戈尔集团股份有限公司
600178.SH,东安动力,哈尔滨东安汽车动力股份有限公司
600180.SH,瑞茂通,瑞茂通供应链管理股份有限公司
600182.SH,S 佳通,佳通轮胎股份有限公司
600183.SH,生益科技,广东生益科技股份有限公司
600184.SH,光电股份,北方光电股份有限公司
600186.SH,莲花健康,莲花健康产业集团股份有限公司
600187.SH,国中水务,黑龙江国中水务股份有限公司
600188.SH,兖州煤业,兖州煤业股份有限公司
600189.SH,吉林森工,吉林泉阳泉股份有限公司
600190.SH,锦州港,锦州港股份有限公司
600191.SH,华资实业,包头华资实业股份有限公司
600192.SH,长城电工,兰州长城电工股份有限公司
600195.SH,中牧股份,中牧实业股份有限公司
600196.SH,复星医药,上海复星医药(集团)股份有限公司
600197.SH,伊力特,新疆伊力特实业股份有限公司
600198.SH,大唐电信,大唐电信科技股份有限公司
600199.SH,金种子酒,安徽金种子酒业股份有限公司
600200.SH,江苏吴中,江苏吴中实业股份有限公司
600201.SH,生物股份,金宇生物技术股份有限公司
600202.SH,哈空调,哈尔滨空调股份有限公司
600203.SH,福日电子,福建福日电子股份有限公司
600206.SH,有研新材,有研新材料股份有限公司
600207.SH,安彩高科,河南安彩高科股份有限公司
600210.SH,紫江企业,上海紫江企业集团股份有限公司
600211.SH,西藏药业,西藏诺迪康药业股份有限公司
600213.SH,亚星客车,扬州亚星客车股份有限公司
600216.SH,浙江医药,浙江医药股份有限公司
600217.SH,中再资环,中再资源环境股份有限公司
600218.SH,全柴动力,安徽全柴动力股份有限公司
600219.SH,南山铝业,山东南山铝业股份有限公司
600220.SH,江苏阳光,江苏阳光股份有限公司
600221.SH,海航控股,海南航空控股股份有限公司
600222.SH,太龙药业,河南太龙药业股份有限公司
600227.SH,圣济堂,贵州圣济堂医药产业股份有限公司
600229.SH,城市传媒,青岛城市传媒股份有限公司
600230.SH,沧州大化,沧州大化股份有限公司
600231.SH,凌钢股份,凌源钢铁股份有限公司
600232.SH,金鹰股份,浙江金鹰股份有限公司
600233.SH,圆通速递,圆通速递股份有限公司
600235.SH,民丰特纸,民丰特种纸股份有限公司
600236.SH,桂冠电力,广西桂冠电力股份有限公司
600237.SH,铜峰电子,安徽铜峰电子股份有限公司
600249.SH,两面针,柳州两面针股份有限公司
600250.SH,南纺股份,南京纺织品进出口股份有限公司
600251.SH,冠农股份,新疆冠农果茸股份有限公司
600252.SH,中恒集团,广西梧州中恒集团股份有限公司
600257.SH,大湖股份,大湖水殖股份有限公司
600258.SH,首旅酒店,北京首旅酒店(集团)股份有限公司
600259.SH,广晟有色,广晟有色金属股份有限公司
600260.SH,凯乐科技,湖北凯乐科技股份有限公司
600261.SH,阳光照明,浙江阳光照明电器集团股份有限公司
600262.SH,北方股份,内蒙古北方重型汽车股份有限公司
600267.SH,海正药业,浙江海正药业股份有限公司
600268.SH,国电南自,国电南京自动化股份有限公司
600269.SH,赣粤高速,江西赣粤高速公路股份有限公司
600271.SH,航天信息,航天信息股份有限公司
600272.SH,开开实业,上海开开实业股份有限公司
600273.SH,嘉化能源,浙江嘉化能源化工股份有限公司
600276.SH,恒瑞医药,江苏恒瑞医药股份有限公司
600277.SH,亿利洁能,亿利洁能股份有限公司
600278.SH,东方创业,东方国际创业股份有限公司
600279.SH,重庆港九,重庆港九股份有限公司
600281.SH,太化股份,太原化工股份有限公司
600282.SH,南钢股份,南京钢铁股份有限公司
600283.SH,钱江水利,钱江水利开发股份有限公司
600285.SH,羚锐制药,河南羚锐制药股份有限公司
600287.SH,江苏舜天,江苏舜天股份有限公司
600288.SH,大恒科技,大恒新纪元科技股份有限公司
600292.SH,远达环保,国家电投集团远达环保股份有限公司
600293.SH,三峡新材,湖北三峡新型建材股份有限公司
600295.SH,鄂尔多斯,内蒙古鄂尔多斯资源股份有限公司
600297.SH,广汇汽车,广汇汽车服务集团股份公司
600298.SH,安琪酵母,安琪酵母股份有限公司
600299.SH,安迪苏,蓝星安迪苏股份有限公司
600300.SH,维维股份,维维食品饮料股份有限公司
600302.SH,标准股份,西安标准工业股份有限公司
600303.SH,曙光股份,辽宁曙光汽车集团股份有限公司
600305.SH,恒顺醋业,江苏恒顺醋业股份有限公司
600307.SH,酒钢宏兴,甘肃酒钢集团宏兴钢铁股份有限公司
600308.SH,华泰股份,山东华泰纸业股份有限公司
600309.SH,万华化学,万华化学集团股份有限公司
600310.SH,桂东电力,广西桂东电力股份有限公司
600312.SH,平高电气,河南平高电气股份有限公司
600313.SH,农发种业,中农发种业集团股份有限公司
600315.SH,上海家化,上海家化联合股份有限公司
600316.SH,洪都航空,江西洪都航空工业股份有限公司
600317.SH,营口港,营口港务股份有限公司
600320.SH,振华重工,上海振华重工(集团)股份有限公司
600321.SH,正源股份,正源控股股份有限公司
600323.SH,瀚蓝环境,瀚蓝环境股份有限公司
600326.SH,西藏天路,西藏天路股份有限公司
600327.SH,大东方,无锡商业大厦大东方股份有限公司
600328.SH,中盐化工,中盐内蒙古化工股份有限公司
600329.SH,中新药业,天津中新药业集团股份有限公司
600330.SH,天通股份,天通控股股份有限公司
600331.SH,宏达股份,四川宏达股份有限公司
600332.SH,白云山,广州白云山医药集团股份有限公司
600333.SH,长春燃气,长春燃气股份有限公司
600335.SH,国机汽车,国机汽车股份有限公司
600336.SH,澳柯玛,澳柯玛股份有限公司
600337.SH,美克家居,美克国际家居用品股份有限公司
600338.SH,西藏珠峰,西藏珠峰资源股份有限公司
600339.SH,中油工程,中国石油集团工程股份有限公司
600343.SH,航天动力,陕西航天动力高科技股份有限公司
600345.SH,长江通信,武汉长江通信产业集团股份有限公司
600346.SH,恒力石化,恒力石化股份有限公司
600348.SH,阳泉煤业,阳泉煤业(集团)股份有限公司
600350.SH,山东高速,山东高速股份有限公司
600351.SH,亚宝药业,亚宝药业集团股份有限公司
600352.SH,浙江龙盛,浙江龙盛集团股份有限公司
600353.SH,旭光电子,成都旭光电子股份有限公司
600355.SH,精伦电子,精伦电子股份有限公司
600356.SH,恒丰纸业,牡丹江恒丰纸业股份有限公司
600359.SH,新农开发,新疆塔里木农业综合开发股份有限公司
600360.SH,华微电子,吉林华微电子股份有限公司
600361.SH,华联综超,北京华联综合超市股份有限公司
600362.SH,江西铜业,江西铜业股份有限公司
600363.SH,联创光电,江西联创光电科技股份有限公司
600366.SH,宁波韵升,宁波韵升股份有限公司
600367.SH,红星发展,贵州红星发展股份有限公司
600368.SH,五洲交通,广西五洲交通股份有限公司
600370.SH,三房巷,江苏三房巷股份有限公司
600371.SH,万向德农,万向德农股份有限公司
600372.SH,中航电子,中航航空电子系统股份有限公司
600373.SH,中文传媒,中文天地出版传媒集团股份有限公司
600375.SH,华菱星马,汉马科技集团股份有限公司
600377.SH,宁沪高速,江苏宁沪高速公路股份有限公司
600378.SH,昊华科技,昊华化工科技集团股份有限公司
600379.SH,宝光股份,陕西宝光真空电器股份有限公司
600380.SH,健康元,健康元药业集团股份有限公司
600381.SH,青海春天,青海春天药用资源科技股份有限公司
600382.SH,广东明珠,广东明珠集团股份有限公司
600386.SH,北巴传媒,北京巴士传媒股份有限公司
600387.SH,海越能源,海越能源集团股份有限公司
600388.SH,龙净环保,福建龙净环保股份有限公司
600389.SH,江山股份,南通江山农药化工股份有限公司
600391.SH,航发科技,中国航发航空科技股份有限公司
600392.SH,盛和资源,盛和资源控股股份有限公司
600395.SH,盘江股份,贵州盘江精煤股份有限公司
600396.SH,金山股份,沈阳金山能源股份有限公司
600397.SH,安源煤业,安源煤业集团股份有限公司
600398.SH,海澜之家,海澜之家股份有限公司
600400.SH,红豆股份,江苏红豆实业股份有限公司
600403.SH,大有能源,河南大有能源股份有限公司
600405.SH,动力源,北京动力源科技股份有限公司
600406.SH,国电南瑞,国电南瑞科技股份有限公司
600409.SH,三友化工,唐山三友化工股份有限公司
600410.SH,华胜天成,北京华胜天成科技股份有限公司
600415.SH,小商品城,浙江中国小商品城集团股份有限公司
600418.SH,江淮汽车,安徽江淮汽车集团股份有限公司
600419.SH,天润乳业,新疆天润乳业股份有限公司
600420.SH,现代制药,上海现代制药股份有限公司
600422.SH,昆药集团,昆药集团股份有限公司
600425.SH,青松建化,新疆青松建材化工(集团)股份有限公司
600426.SH,华鲁恒升,山东华鲁恒升化工股份有限公司
600428.SH,中远海特,中远海运特种运输股份有限公司
600429.SH,三元股份,北京三元食品股份有限公司
600433.SH,冠豪高新,广东冠豪高新技术股份有限公司
600435.SH,北方导航,北方导航控制技术股份有限公司
600436.SH,片仔癀,漳州片仔癀药业股份有限公司
600438.SH,通威股份,通威股份有限公司
600439.SH,瑞贝卡,河南瑞贝卡发制品股份有限公司
600444.SH,国机通用,国机通用机械科技股份有限公司
600446.SH,金证股份,深圳市金证科技股份有限公司
600448.SH,华纺股份,华纺股份有限公司
600449.SH,宁夏建材,宁夏建材集团股份有限公司
600452.SH,涪陵电力,重庆涪陵电力实业股份有限公司
600455.SH,博通股份,西安博通资讯股份有限公司
600456.SH,宝钛股份,宝鸡钛业股份有限公司
600458.SH,时代新材,株洲时代新材料科技股份有限公司
600459.SH,贵研铂业,贵研铂业股份有限公司
600460.SH,士兰微,杭州士兰微电子股份有限公司
600461.SH,洪城水业,江西洪城水业股份有限公司
600467.SH,好当家,山东好当家海洋发展股份有限公司
600468.SH,百利电气,天津百利特精电气股份有限公司
600469.SH,风神股份,风神轮胎股份有限公司
600475.SH,华光环能,无锡华光环保能源集团股份有限公司
600476.SH,湘邮科技,湖南湘邮科技股份有限公司
600477.SH,杭萧钢构,杭萧钢构股份有限公司
600478.SH,科力远,湖南科力远新能源股份有限公司
600479.SH,千金药业,株洲千金药业股份有限公司
600480.SH,凌云股份,凌云工业股份有限公司
600481.SH,双良节能,双良节能系统股份有限公司
600482.SH,中国动力,中国船舶重工集团动力股份有限公司
600483.SH,福能股份,福建福能股份有限公司
600486.SH,扬农化工,江苏扬农化工股份有限公司
600487.SH,亨通光电,江苏亨通光电股份有限公司
600488.SH,天药股份,天津天药药业股份有限公司
600489.SH,中金黄金,中金黄金股份有限公司
600490.SH,鹏欣资源,鹏欣环球资源股份有限公司
600493.SH,凤竹纺织,福建凤竹纺织科技股份有限公司
600495.SH,晋西车轴,晋西车轴股份有限公司
600496.SH,精工钢构,长江精工钢结构(集团)股份有限公司
600497.SH,驰宏锌锗,云南驰宏锌锗股份有限公司
600498.SH,烽火通信,烽火通信科技股份有限公司
600499.SH,科达制造,科达制造股份有限公司
600500.SH,中化国际,中化国际(控股)股份有限公司
600501.SH,航天晨光,航天晨光股份有限公司
600505.SH,西昌电力,四川西昌电力股份有限公司
600506.SH,香梨股份,新疆库尔勒香梨股份有限公司
600507.SH,方大特钢,方大特钢科技股份有限公司
600508.SH,上海能源,上海大屯能源股份有限公司
600509.SH,天富能源,新疆天富能源股份有限公司
600511.SH,国药股份,国药集团药业股份有限公司
600513.SH,联环药业,江苏联环药业股份有限公司
600516.SH,方大炭素,方大炭素新材料科技股份有限公司
600517.SH,国网英大,国网英大股份有限公司
600519.SH,贵州茅台,贵州茅台酒股份有限公司
600520.SH,文一科技,文一三佳科技股份有限公司
600521.SH,华海药业,浙江华海药业股份有限公司
600522.SH,中天科技,江苏中天科技股份有限公司
600523.SH,贵航股份,贵州贵航汽车零部件股份有限公司
600525.SH,长园集团,长园科技集团股份有限公司
600526.SH,菲达环保,浙江菲达环保科技股份有限公司
600527.SH,江南高纤,江苏江南高纤股份有限公司
600528.SH,中铁工业,中铁高新工业股份有限公司
600529.SH,山东药玻,山东省药用玻璃股份有限公司
600531.SH,豫光金铅,河南豫光金铅股份有限公司
600532.SH,宏达矿业,上海智汇未来医疗服务股份有限公司
600535.SH,天士力,天士力医药集团股份有限公司
600536.SH,中国软件,中国软件与技术服务股份有限公司
600537.SH,亿晶光电,亿晶光电科技股份有限公司
600538.SH,国发股份,北海国发海洋生物产业股份有限公司
600540.SH,新赛股份,新疆赛里木现代农业股份有限公司
600543.SH,莫高股份,甘肃莫高实业发展股份有限公司
600545.SH,卓郎智能,卓郎智能技术股份有限公司
600546.SH,山煤国际,山煤国际能源集团股份有限公司
600547.SH,山东黄金,山东黄金矿业股份有限公司
600548.SH,深高速,深圳高速公路股份有限公司
600549.SH,厦门钨业,厦门钨业股份有限公司
600550.SH,保变电气,保定天威保变电气股份有限公司
600551.SH,时代出版,时代出版传媒股份有限公司
600552.SH,凯盛科技,凯盛科技股份有限公司
600556.SH,天下秀,天下秀数字科技(集团)股份有限公司
600557.SH,康缘药业,江苏康缘药业股份有限公司
600558.SH,大西洋,四川大西洋焊接材料股份有限公司
600559.SH,老白干酒,河北衡水老白干酒业股份有限公司
600560.SH,金自天正,北京金自天正智能控制股份有限公司
600561.SH,江西长运,江西长运股份有限公司
600562.SH,国睿科技,国睿科技股份有限公司
600563.SH,法拉电子,厦门法拉电子股份有限公司
600566.SH,济川药业,湖北济川药业股份有限公司
600567.SH,山鹰纸业,山鹰国际控股股份公司
600569.SH,安阳钢铁,安阳钢铁股份有限公司
600570.SH,恒生电子,恒生电子股份有限公司
600571.SH,信雅达,信雅达科技股份有限公司
600572.SH,康恩贝,浙江康恩贝制药股份有限公司
600573.SH,惠泉啤酒,福建省燕京惠泉啤酒股份有限公司
600575.SH,淮河能源,淮河能源(集团)股份有限公司
600576.SH,祥源文化,浙江祥源文化股份有限公司
600577.SH,精达股份,铜陵精达特种电磁线股份有限公司
600578.SH,京能电力,北京京能电力股份有限公司
600579.SH,克劳斯,克劳斯玛菲股份有限公司
600580.SH,卧龙电驱,卧龙电气驱动集团股份有限公司
600581.SH,八一钢铁,新疆八一钢铁股份有限公司
600582.SH,天地科技,天地科技股份有限公司
600583.SH,海油工程,海洋石油工程股份有限公司
600584.SH,长电科技,江苏长电科技股份有限公司
600585.SH,海螺水泥,安徽海螺水泥股份有限公司
600586.SH,金晶科技,山东金晶科技股份有限公司
600587.SH,新华医疗,山东新华医疗器械股份有限公司
600588.SH,用友网络,用友网络科技股份有限公司
600589.SH,广东榕泰,广东榕泰实业股份有限公司
600590.SH,泰豪科技,泰豪科技股份有限公司
600592.SH,龙溪股份,福建龙溪轴承(集团)股份有限公司
600593.SH,大连圣亚,大连圣亚旅游控股股份有限公司
600594.SH,益佰制药,贵州益佰制药股份有限公司
600596.SH,新安股份,浙江新安化工集团股份有限公司
600597.SH,光明乳业,光明乳业股份有限公司
600598.SH,北大荒,黑龙江北大荒农业股份有限公司
600600.SH,青岛啤酒,青岛啤酒股份有限公司
600601.SH,方正科技,方正科技集团股份有限公司
600602.SH,云赛智联,云赛智联股份有限公司
600605.SH,汇通能源,上海汇通能源股份有限公司
600609.SH,金杯汽车,金杯汽车股份有限公司
600611.SH,大众交通,大众交通(集团)股份有限公司
600612.SH,老凤祥,老凤祥股份有限公司
600613.SH,神奇制药,上海神奇制药投资管理股份有限公司
600615.SH,丰华股份,上海丰华(集团)股份有限公司
600616.SH,金枫酒业,上海金枫酒业股份有限公司
600617.SH,国新能源,山西省国新能源股份有限公司
600618.SH,氯碱化工,上海氯碱化工股份有限公司
600619.SH,海立股份,上海海立(集团)股份有限公司
600620.SH,天宸股份,上海市天宸股份有限公司
600623.SH,华谊集团,上海华谊集团股份有限公司
600624.SH,复旦复华,上海复旦复华科技股份有限公司
600626.SH,申达股份,上海申达股份有限公司
600628.SH,新世界,上海新世界股份有限公司
600629.SH,华建集团,华东建筑集团股份有限公司
600630.SH,龙头股份,上海龙头(集团)股份有限公司
600633.SH,浙数文化,浙报数字文化集团股份有限公司
600635.SH,大众公用,上海大众公用事业(集团)股份有限公司
600636.SH,国新文化,国新文化控股股份有限公司
600637.SH,东方明珠,东方明珠新媒体股份有限公司
600640.SH,号百控股,号百控股股份有限公司
600642.SH,申能股份,申能股份有限公司
600644.SH,乐山电力,乐山电力股份有限公司
600645.SH,中源协和,中源协和细胞基因工程股份有限公司
600647.SH,同达创业,上海同达创业投资股份有限公司
600650.SH,锦江投资,上海锦江国际实业投资股份有限公司
600653.SH,申华控股,辽宁申华控股股份有限公司
600655.SH,豫园股份,上海豫园旅游商城(集团)股份有限公司
600660.SH,福耀玻璃,福耀玻璃工业集团股份有限公司
600661.SH,昂立教育,上海新南洋昂立教育科技股份有限公司
600662.SH,强生控股,上海强生控股股份有限公司
600664.SH,哈药股份,哈药集团股份有限公司
600668.SH,尖峰集团,浙江尖峰集团股份有限公司
600673.SH,东阳光,广东东阳光科技控股股份有限公司
600674.SH,川投能源,四川川投能源股份有限公司
600676.SH,交运股份,上海交运集团股份有限公司
600679.SH,上海凤凰,上海凤凰企业(集团)股份有限公司
600681.SH,百川能源,百川能源股份有限公司
600682.SH,南京新百,南京新街口百货商店股份有限公司
600685.SH,中船防务,中船海洋与防务装备股份有限公司
600686.SH,金龙汽车,厦门金龙汽车集团股份有限公司
600688.SH,上海石化,中国石化上海石油化工股份有限公司
600689.SH,上海三毛,上海三毛企业(集团)股份有限公司
600690.SH,海尔智家,海尔智家股份有限公司
600691.SH,阳煤化工,阳煤化工股份有限公司
600693.SH,东百集团,福建东百集团股份有限公司
600694.SH,大商股份,大商股份有限公司
600697.SH,欧亚集团,长春欧亚集团股份有限公司
600699.SH,均胜电子,宁波均胜电子股份有限公司
600702.SH,舍得酒业,舍得酒业股份有限公司
600703.SH,三安光电,三安光电股份有限公司
600704.SH,物产中大,物产中大集团股份有限公司
600706.SH,曲江文旅,西安曲江文化旅游股份有限公司
600707.SH,彩虹股份,彩虹显示器件股份有限公司
600710.SH,苏美达,苏美达股份有限公司
600711.SH,盛屯矿业,盛屯矿业集团股份有限公司
600712.SH,南宁百货,南宁百货大楼股份有限公司
600713.SH,南京医药,南京医药股份有限公司
600714.SH,金瑞矿业,青海金瑞矿业发展股份有限公司
600715.SH,文投控股,文投控股股份有限公司
600717.SH,天津港,天津港股份有限公司
600718.SH,东软集团,东软集团股份有限公司
600719.SH,大连热电,大连热电股份有限公司
600720.SH,祁连山,甘肃祁连山水泥集团股份有限公司
600722.SH,金牛化工,河北金牛化工股份有限公司
600723.SH,首商股份,北京首商集团股份有限公司
600724.SH,宁波富达,宁波富达股份有限公司
600726.SH,华电能源,华电能源股份有限公司
600727.SH,鲁北化工,山东鲁北化工股份有限公司
600728.SH,佳都科技,佳都新太科技股份有限公司
600729.SH,重庆百货,重庆百货大楼股份有限公司
600730.SH,中国高科,中国高科集团股份有限公司
600731.SH,湖南海利,湖南海利化工股份有限公司
600733.SH,北汽蓝谷,北汽蓝谷新能源科技股份有限公司
600735.SH,新华锦,山东新华锦国际股份有限公司
600737.SH,中粮糖业,中粮糖业控股股份有限公司
600738.SH,兰州民百,兰州民百(集团)股份有限公司
600739.SH,辽宁成大,辽宁成大股份有限公司
600740.SH,山西焦化,山西焦化股份有限公司
600741.SH,华域汽车,华域汽车系统股份有限公司
600742.SH,一汽富维,长春一汽富维汽车零部件股份有限公司
600744.SH,华银电力,大唐华银电力股份有限公司
600746.SH,江苏索普,江苏索普化工股份有限公司
600749.SH,西藏旅游,西藏旅游股份有限公司
600750.SH,江中药业,江中药业股份有限公司
600751.SH,海航科技,海航科技股份有限公司
600754.SH,锦江酒店,上海锦江国际酒店股份有限公司
600755.SH,厦门国贸,厦门国贸集团股份有限公司
600756.SH,浪潮软件,浪潮软件股份有限公司
600757.SH,长江传媒,长江出版传媒股份有限公司
600758.SH,辽宁能源,辽宁能源煤电产业股份有限公司
600759.SH,洲际油气,洲际油气股份有限公司
600760.SH,中航沈飞,中航沈飞股份有限公司
600761.SH,安徽合力,安徽合力股份有限公司
600763.SH,通策医疗,通策医疗股份有限公司
600764.SH,中国海防,中国船舶重工集团海洋防务与信息对抗股份有限公司
600765.SH,中航重机,中航重机股份有限公司
600768.SH,宁波富邦,宁波富邦精业集团股份有限公司
600770.SH,综艺股份,江苏综艺股份有限公司
600771.SH,广誉远,广誉远中药股份有限公司
600774.SH,汉商集团,汉商集团股份有限公司
600775.SH,南京熊猫,南京熊猫电子股份有限公司
600776.SH,东方通信,东方通信股份有限公司
600777.SH,新潮能源,山东新潮能源股份有限公司
600778.SH,友好集团,新疆友好(集团)股份有限公司
600779.SH,水井坊,四川水井坊股份有限公司
600780.SH,通宝能源,山西通宝能源股份有限公司
600782.SH,新钢股份,新余钢铁股份有限公司
600784.SH,鲁银投资,鲁银投资集团股份有限公司
600785.SH,新华百货,银川新华百货商业集团股份有限公司
600787.SH,中储股份,中储发展股份有限公司
600789.SH,鲁抗医药,山东鲁抗医药股份有限公司
600790.SH,轻纺城,浙江中国轻纺城集团股份有限公司
600792.SH,云煤能源,云南煤业能源股份有限公司
600793.SH,宜宾纸业,宜宾纸业股份有限公司
600794.SH,保税科技,张家港保税科技(集团)股份有限公司
600795.SH,国电电力,国电电力发展股份有限公司
600796.SH,钱江生化,浙江钱江生物化学股份有限公司
600797.SH,浙大网新,浙大网新科技股份有限公司
600798.SH,宁波海运,宁波海运股份有限公司
600800.SH,天津磁卡,天津环球磁卡股份有限公司
600801.SH,华新水泥,华新水泥股份有限公司
600802.SH,福建水泥,福建水泥股份有限公司
600803.SH,新奥股份,新奥天然气股份有限公司
600804.SH,鹏博士,鹏博士电信传媒集团股份有限公司
600805.SH,悦达投资,江苏悦达投资股份有限公司
600808.SH,马钢股份,马鞍山钢铁股份有限公司
600809.SH,山西汾酒,山西杏花村汾酒厂股份有限公司
600810.SH,神马股份,神马实业股份有限公司
600811.SH,东方集团,东方集团股份有限公司
600812.SH,华北制药,华北制药股份有限公司
600814.SH,杭州解百,杭州解百集团股份有限公司
600818.SH,中路股份,中路股份有限公司
600819.SH,耀皮玻璃,上海耀皮玻璃集团股份有限公司
600822.SH,上海物贸,上海物资贸易股份有限公司
600824.SH,益民集团,上海益民商业集团股份有限公司
600825.SH,新华传媒,上海新华传媒股份有限公司
600826.SH,兰生股份,上海兰生股份有限公司
600827.SH,百联股份,上海百联集团股份有限公司
600828.SH,茂业商业,茂业商业股份有限公司
600829.SH,人民同泰,哈药集团人民同泰医药股份有限公司
600830.SH,香溢融通,香溢融通控股集团股份有限公司
600831.SH,广电网络,陕西广电网络传媒(集团)股份有限公司
600833.SH,第一医药,上海第一医药股份有限公司
600834.SH,申通地铁,上海申通地铁股份有限公司
600835.SH,上海机电,上海机电股份有限公司
600838.SH,上海九百,上海九百股份有限公司
600839.SH,四川长虹,四川长虹电器股份有限公司
600841.SH,上柴股份,上海柴油机股份有限公司
600843.SH,上工申贝,上工申贝(集团)股份有限公司
600844.SH,丹化科技,丹化化工科技股份有限公司
600845.SH,宝信软件,上海宝信软件股份有限公司
600847.SH,万里股份,重庆万里新能源股份有限公司
600850.SH,华东电脑,上海华东电脑股份有限公司
600851.SH,海欣股份,上海海欣集团股份有限公司
600854.SH,春兰股份,江苏春兰制冷设备股份有限公司
600855.SH,航天长峰,北京航天长峰股份有限公司
600857.SH,宁波中百,宁波中百股份有限公司
600858.SH,银座股份,银座集团股份有限公司
600859.SH,王府井,王府井集团股份有限公司
600861.SH,北京城乡,北京城乡商业(集团)股份有限公司
600862.SH,中航高科,中航航空高科技股份有限公司
600863.SH,内蒙华电,内蒙古蒙电华能热电股份有限公司
600865.SH,百大集团,百大集团股份有限公司
600866.SH,星湖科技,广东肇庆星湖生物科技股份有限公司
600867.SH,通化东宝,通化东宝药业股份有限公司
600868.SH,梅雁吉祥,广东梅雁吉祥水电股份有限公司
600869.SH,智慧能源,远东智慧能源股份有限公司
600871.SH,石化油服,中石化石油工程技术服务股份有限公司
600872.SH,中炬高新,中炬高新技术实业(集团)股份有限公司
600873.SH,梅花生物,梅花生物科技集团股份有限公司
600874.SH,创业环保,天津创业环保集团股份有限公司
600875.SH,东方电气,东方电气股份有限公司
600876.SH,洛阳玻璃,洛阳玻璃股份有限公司
600879.SH,航天电子,航天时代电子技术股份有限公司
600880.SH,博瑞传播,成都博瑞传播股份有限公司
600881.SH,亚泰集团,吉林亚泰(集团)股份有限公司
600882.SH,妙可蓝多,上海妙可蓝多食品科技股份有限公司
600883.SH,博闻科技,云南博闻科技实业股份有限公司
600884.SH,杉杉股份,宁波杉杉股份有限公司
600885.SH,宏发股份,宏发科技股份有限公司
600886.SH,国投电力,国投电力控股股份有限公司
600887.SH,伊利股份,内蒙古伊利实业集团股份有限公司
600888.SH,新疆众和,新疆众和股份有限公司
600889.SH,南京化纤,南京化纤股份有限公司
600893.SH,航发动力,中国航发动力股份有限公司
600894.SH,广日股份,广州广日股份有限公司
600896.SH,览海医疗,览海医疗产业投资股份有限公司
600897.SH,厦门空港,元翔(厦门)国际航空港股份有限公司
600900.SH,长江电力,中国长江电力股份有限公司
600903.SH,贵州燃气,贵州燃气集团股份有限公司
600917.SH,重庆燃气,重庆燃气集团股份有限公司
600929.SH,湖南盐业,雪天盐业集团股份有限公司
600933.SH,爱柯迪,爱柯迪股份有限公司
600936.SH,广西广电,广西广播电视信息网络股份有限公司
600956.SH,新天绿能,新天绿色能源股份有限公司
600959.SH,江苏有线,江苏省广电有线信息网络股份有限公司
600960.SH,渤海汽车,渤海汽车系统股份有限公司
600961.SH,株冶集团,株洲冶炼集团股份有限公司
600962.SH,国投中鲁,国投中鲁果汁股份有限公司
600963.SH,岳阳林纸,岳阳林纸股份有限公司
600965.SH,福成股份,河北福成五丰食品股份有限公司
600966.SH,博汇纸业,山东博汇纸业股份有限公司
600967.SH,内蒙一机,内蒙古第一机械集团股份有限公司
600968.SH,海油发展,中海油能源发展股份有限公司
600969.SH,郴电国际,湖南郴电国际发展股份有限公司
600971.SH,恒源煤电,安徽恒源煤电股份有限公司
600973.SH,宝胜股份,宝胜科技创新股份有限公司
600975.SH,新五丰,湖南新五丰股份有限公司
600976.SH,健民集团,健民药业集团股份有限公司
600977.SH,中国电影,中国电影股份有限公司
600979.SH,广安爱众,四川广安爱众股份有限公司
600980.SH,北矿科技,北矿科技股份有限公司
600981.SH,汇鸿集团,江苏汇鸿国际集团股份有限公司
600982.SH,宁波热电,宁波能源集团股份有限公司
600983.SH,惠而浦,惠而浦(中国)股份有限公司
600984.SH,建设机械,陕西建设机械股份有限公司
600985.SH,淮北矿业,淮北矿业控股股份有限公司
600986.SH,科达股份,浙文互联集团股份有限公司
600987.SH,航民股份,浙江航民股份有限公司
600988.SH,赤峰黄金,赤峰吉隆黄金矿业股份有限公司
600989.SH,宝丰能源,宁夏宝丰能源集团股份有限公司
600990.SH,四创电子,安徽四创电子股份有限公司
600992.SH,贵绳股份,贵州钢绳股份有限公司
600993.SH,马应龙,马应龙药业集团股份有限公司
600995.SH,文山电力,云南文山电力股份有限公司
600996.SH,贵广网络,贵州省广播电视信息网络股份有限公司
600997.SH,开滦股份,开滦能源化工股份有限公司
600998.SH,九州通,九州通医药集团股份有限公司
601000.SH,唐山港,唐山港集团股份有限公司
601001.SH,大同煤业,晋能控股山西煤业股份有限公司
601002.SH,晋亿实业,晋亿实业股份有限公司
601003.SH,柳钢股份,柳州钢铁股份有限公司
601005.SH,重庆钢铁,重庆钢铁股份有限公司
601006.SH,大秦铁路,大秦铁路股份有限公司
601007.SH,金陵饭店,金陵饭店股份有限公司
601008.SH,连云港,江苏连云港港口股份有限公司
601010.SH,文峰股份,文峰大世界连锁发展股份有限公司
601011.SH,宝泰隆,宝泰隆新材料股份有限公司
601012.SH,隆基股份,隆基绿能科技股份有限公司
601015.SH,陕西黑猫,陕西黑猫焦化股份有限公司
601016.SH,节能风电,中节能风力发电股份有限公司
601018.SH,宁波港,宁波舟山港股份有限公司
601019.SH,山东出版,山东出版传媒股份有限公司
601020.SH,华钰矿业,西藏华钰矿业股份有限公司
601021.SH,春秋航空,春秋航空股份有限公司
601028.SH,玉龙股份,山东玉龙黄金股份有限公司
601038.SH,一拖股份,第一拖拉机股份有限公司
601058.SH,赛轮轮胎,赛轮集团股份有限公司
601069.SH,西部黄金,西部黄金股份有限公司
601086.SH,国芳集团,甘肃国芳工贸(集团)股份有限公司
601088.SH,中国神华,中国神华能源股份有限公司
601098.SH,中南传媒,中南出版传媒集团股份有限公司
601100.SH,恒立液压,江苏恒立液压股份有限公司
601101.SH,昊华能源,北京昊华能源股份有限公司
601106.SH,中国一重,中国第一重型机械股份公司
601107.SH,四川成渝,四川成渝高速公路股份有限公司
601111.SH,中国国航,中国国际航空股份有限公司
601116.SH,三江购物,三江购物俱乐部股份有限公司
601118.SH,海南橡胶,海南天然橡胶产业集团股份有限公司
601126.SH,四方股份,北京四方继保自动化股份有限公司
601127.SH,小康股份,重庆小康工业集团股份有限公司
601137.SH,博威合金,宁波博威合金材料股份有限公司
601138.SH,工业富联,富士康工业互联网股份有限公司
601139.SH,深圳燃气,深圳市燃气集团股份有限公司
601158.SH,重庆水务,重庆水务集团股份有限公司
601163.SH,三角轮胎,三角轮胎股份有限公司
601168.SH,西部矿业,西部矿业股份有限公司
601177.SH,杭齿前进,杭州前进齿轮箱集团股份有限公司
601179.SH,中国西电,中国西电电气股份有限公司
601188.SH,龙江交通,黑龙江交通发展股份有限公司
601199.SH,江南水务,江苏江南水务股份有限公司
601200.SH,上海环境,上海环境集团股份有限公司
601208.SH,东材科技,四川东材科技集团股份有限公司
601212.SH,白银有色,白银有色集团股份有限公司
601216.SH,君正集团,内蒙古君正能源化工集团股份有限公司
601218.SH,吉鑫科技,江苏吉鑫风能科技股份有限公司
601222.SH,林洋能源,江苏林洋能源股份有限公司
601225.SH,陕西煤业,陕西煤业股份有限公司
601226.SH,华电重工,华电重工股份有限公司
601228.SH,广州港,广州港股份有限公司
601231.SH,环旭电子,环旭电子股份有限公司
601233.SH,桐昆股份,桐昆集团股份有限公司
601238.SH,广汽集团,广州汽车集团股份有限公司
601298.SH,青岛港,青岛港国际股份有限公司
601311.SH,骆驼股份,骆驼集团股份有限公司
601326.SH,秦港股份,秦皇岛港股份有限公司
601330.SH,绿色动力,绿色动力环保集团股份有限公司
601333.SH,广深铁路,广深铁路股份有限公司
601339.SH,百隆东方,百隆东方股份有限公司
601360.SH,三六零,三六零安全科技股份有限公司
601366.SH,利群股份,利群商业集团股份有限公司
601369.SH,陕鼓动力,西安陕鼓动力股份有限公司
601388.SH,怡球资源,怡球金属资源再生(中国)股份有限公司
601500.SH,通用股份,江苏通用科技股份有限公司
601515.SH,东风股份,汕头东风印刷股份有限公司
601518.SH,吉林高速,吉林高速公路股份有限公司
601566.SH,九牧王,九牧王股份有限公司
601567.SH,三星医疗,宁波三星医疗电气股份有限公司
601579.SH,会稽山,会稽山绍兴酒股份有限公司
601595.SH,上海电影,上海电影股份有限公司
601598.SH,中国外运,中国外运股份有限公司
601599.SH,鹿港文化,江苏鹿港文化股份有限公司
601600.SH,中国铝业,中国铝业股份有限公司
601606.SH,长城军工,安徽长城军工股份有限公司
601607.SH,上海医药,上海医药集团股份有限公司
601608.SH,中信重工,中信重工机械股份有限公司
601609.SH,金田铜业,宁波金田铜业(集团)股份有限公司
601615.SH,明阳智能,明阳智慧能源集团股份公司
601616.SH,广电电气,上海广电电气(集团)股份有限公司
601619.SH,嘉泽新能,宁夏嘉泽新能源股份有限公司
601633.SH,长城汽车,长城汽车股份有限公司
601636.SH,旗滨集团,株洲旗滨集团股份有限公司
601666.SH,平煤股份,平顶山天安煤业股份有限公司
601677.SH,明泰铝业,河南明泰铝业股份有限公司
601678.SH,滨化股份,滨化集团股份有限公司
601689.SH,拓普集团,宁波拓普集团股份有限公司
601698.SH,中国卫通,中国卫通集团股份有限公司
601699.SH,潞安环能,山西潞安环保能源开发股份有限公司
601700.SH,风范股份,常熟风范电力设备股份有限公司
601717.SH,郑煤机,郑州煤矿机械集团股份有限公司
601718.SH,际华集团,际华集团股份有限公司
601727.SH,上海电气,上海电气集团股份有限公司
601766.SH,中国中车,中国中车股份有限公司
601778.SH,晶科科技,晶科电力科技股份有限公司
601798.SH,蓝科高新,甘肃蓝科石化高新装备股份有限公司
601799.SH,星宇股份,常州星宇车灯股份有限公司
601801.SH,皖新传媒,安徽新华传媒股份有限公司
601808.SH,中海油服,中海油田服务股份有限公司
601811.SH,新华文轩,新华文轩出版传媒股份有限公司
601816.SH,京沪高铁,京沪高速铁路股份有限公司
601827.SH,三峰环境,重庆三峰环境集团股份有限公司
601828.SH,美凯龙,红星美凯龙家居集团股份有限公司
601857.SH,中国石油,中国石油天然气股份有限公司
601858.SH,中国科传,中国科技出版传媒股份有限公司
601865.SH,福莱特,福莱特玻璃集团股份有限公司
601866.SH,中远海发,中远海运发展股份有限公司
601869.SH,长飞光纤,长飞光纤光缆股份有限公司
601872.SH,招商轮船,招商局能源运输股份有限公司
601877.SH,正泰电器,浙江正泰电器股份有限公司
601880.SH,大连港,大连港股份有限公司
601882.SH,海天精工,宁波海天精工股份有限公司
601886.SH,江河集团,江河创建集团股份有限公司
601888.SH,中国中免,中国旅游集团中免股份有限公司
601890.SH,亚星锚链,江苏亚星锚链股份有限公司
601898.SH,中煤能源,中国中煤能源股份有限公司
601899.SH,紫金矿业,紫金矿业集团股份有限公司
601900.SH,南方传媒,南方出版传媒股份有限公司
601908.SH,京运通,北京京运通科技股份有限公司
601918.SH,新集能源,中煤新集能源股份有限公司
601919.SH,中远海控,中远海运控股股份有限公司
601928.SH,凤凰传媒,江苏凤凰出版传媒股份有限公司
601929.SH,吉视传媒,吉视传媒股份有限公司
601933.SH,永辉超市,永辉超市股份有限公司
601949.SH,中国出版,中国出版传媒股份有限公司
601952.SH,苏垦农发,江苏省农垦农业发展股份有限公司
601958.SH,金钼股份,金堆城钼业股份有限公司
601965.SH,中国汽研,中国汽车工程研究院股份有限公司
601966.SH,玲珑轮胎,山东玲珑轮胎股份有限公司
601968.SH,宝钢包装,上海宝钢包装股份有限公司
601969.SH,海南矿业,海南矿业股份有限公司
601975.SH,招商南油,招商局南京油运股份有限公司
601985.SH,中国核电,中国核能电力股份有限公司
601989.SH,中国重工,中国船舶重工股份有限公司
601991.SH,大唐发电,大唐国际发电股份有限公司
601992.SH,金隅集团,北京金隅集团股份有限公司
601996.SH,丰林集团,广西丰林木业集团股份有限公司
601999.SH,出版传媒,北方联合出版传媒(集团)股份有限公司
603000.SH,人民网,人民网股份有限公司
603001.SH,奥康国际,浙江奥康鞋业股份有限公司
603002.SH,宏昌电子,宏昌电子材料股份有限公司
603003.SH,龙宇燃油,上海龙宇燃油股份有限公司
603005.SH,晶方科技,苏州晶方半导体科技股份有限公司
603006.SH,联明股份,上海联明机械股份有限公司
603008.SH,喜临门,喜临门家具股份有限公司
603009.SH,北特科技,上海北特科技股份有限公司
603010.SH,万盛股份,浙江万盛股份有限公司
603011.SH,合锻智能,合肥合锻智能制造股份有限公司
603012.SH,创力集团,上海创力集团股份有限公司
603013.SH,亚普股份,亚普汽车部件股份有限公司
603015.SH,弘讯科技,宁波弘讯科技股份有限公司
603016.SH,新宏泰,无锡新宏泰电器科技股份有限公司
603017.SH,中衡设计,中衡设计集团股份有限公司
603018.SH,中设集团,华设设计集团股份有限公司
603019.SH,中科曙光,曙光信息产业股份有限公司
603020.SH,爱普股份,爱普香料集团股份有限公司
603021.SH,山东华鹏,山东华鹏玻璃股份有限公司
603022.SH,新通联,上海新通联包装股份有限公司
603023.SH,威帝股份,哈尔滨威帝电子股份有限公司
603025.SH,大豪科技,北京大豪科技股份有限公司
603026.SH,石大胜华,山东石大胜华化工集团股份有限公司
603027.SH,千禾味业,千禾味业食品股份有限公司
603028.SH,赛福天,江苏赛福天钢索股份有限公司
603029.SH,天鹅股份,山东天鹅棉业机械股份有限公司
603030.SH,全筑股份,上海全筑建筑装饰集团股份有限公司
603031.SH,安德利,安徽安德利百货股份有限公司
603032.SH,德新交运,德力西新疆交通运输集团股份有限公司
603033.SH,三维股份,浙江三维橡胶制品股份有限公司
603035.SH,常熟汽饰,江苏常熟汽饰集团股份有限公司
603036.SH,如通股份,江苏如通石油机械股份有限公司
603037.SH,凯众股份,上海凯众材料科技股份有限公司
603038.SH,华立股份,东莞市华立实业股份有限公司
603039.SH,泛微网络,上海泛微网络科技股份有限公司
603040.SH,新坐标,杭州新坐标科技股份有限公司
603041.SH,美思德,江苏美思德化学股份有限公司
603042.SH,华脉科技,南京华脉科技股份有限公司
603043.SH,广州酒家,广州酒家集团股份有限公司
603045.SH,福达合金,福达合金材料股份有限公司
603050.SH,科林电气,石家庄科林电气股份有限公司
603053.SH,成都燃气,成都燃气集团股份有限公司
603055.SH,台华新材,浙江台华新材料股份有限公司
603056.SH,德邦股份,德邦物流股份有限公司
603058.SH,永吉股份,贵州永吉印务股份有限公司
603059.SH,倍加洁,倍加洁集团股份有限公司
603060.SH,国检集团,中国建材检验认证集团股份有限公司
603063.SH,禾望电气,深圳市禾望电气股份有限公司
603066.SH,音飞储存,南京音飞储存设备(集团)股份有限公司
603067.SH,振华股份,湖北振华化学股份有限公司
603068.SH,博通集成,博通集成电路(上海)股份有限公司
603069.SH,海汽集团,海南海汽运输集团股份有限公司
603076.SH,乐惠国际,宁波乐惠国际工程装备股份有限公司
603077.SH,和邦生物,四川和邦生物科技股份有限公司
603078.SH,江化微,江阴江化微电子材料股份有限公司
603079.SH,圣达生物,浙江圣达生物药业股份有限公司
603080.SH,新疆火炬,新疆火炬燃气股份有限公司
603081.SH,大丰实业,浙江大丰实业股份有限公司
603083.SH,剑桥科技,上海剑桥科技股份有限公司
603085.SH,天成自控,浙江天成自控股份有限公司
603086.SH,先达股份,山东先达农化股份有限公司
603087.SH,甘李药业,甘李药业股份有限公司
603088.SH,宁波精达,宁波精达成形装备股份有限公司
603089.SH,正裕工业,浙江正裕工业股份有限公司
603090.SH,宏盛股份,无锡宏盛换热器制造股份有限公司
603095.SH,越剑智能,浙江越剑智能装备股份有限公司
603096.SH,新经典,新经典文化股份有限公司
603098.SH,森特股份,森特士兴集团股份有限公司
603099.SH,长白山,长白山旅游股份有限公司
603100.SH,川仪股份,重庆川仪自动化股份有限公司
603101.SH,汇嘉时代,新疆汇嘉时代百货股份有限公司
603103.SH,横店影视,横店影视股份有限公司
603105.SH,芯能科技,浙江芯能光伏科技股份有限公司
603106.SH,恒银科技,恒银金融科技股份有限公司
603108.SH,润达医疗,上海润达医疗科技股份有限公司
603109.SH,神驰机电,神驰机电股份有限公司
603110.SH,东方材料,新东方新材料股份有限公司
603111.SH,康尼机电,南京康尼机电股份有限公司
603113.SH,金能科技,金能科技股份有限公司
603115.SH,海星股份,南通海星电子股份有限公司
603116.SH,红蜻蜓,浙江红蜻蜓鞋业股份有限公司
603117.SH,万林物流,江苏万林现代物流股份有限公司
603118.SH,共进股份,深圳市共进电子股份有限公司
603121.SH,华培动力,上海华培动力科技(集团)股份有限公司
603123.SH,翠微股份,北京翠微大厦股份有限公司
603126.SH,中材节能,中材节能股份有限公司
603127.SH,昭衍新药,北京昭衍新药研究中心股份有限公司
603128.SH,华贸物流,港中旅华贸国际物流股份有限公司
603129.SH,春风动力,浙江春风动力股份有限公司
603131.SH,上海沪工,上海沪工焊接集团股份有限公司
603133.SH,碳元科技,碳元科技股份有限公司
603136.SH,天目湖,江苏天目湖旅游股份有限公司
603138.SH,海量数据,北京海量数据技术股份有限公司
603139.SH,康惠制药,陕西康惠制药股份有限公司
603156.SH,养元饮品,河北养元智汇饮品股份有限公司
603158.SH,腾龙股份,常州腾龙汽车零部件股份有限公司
603159.SH,上海亚虹,上海亚虹模具股份有限公司
603160.SH,汇顶科技,深圳市汇顶科技股份有限公司
603161.SH,科华控股,科华控股股份有限公司
603165.SH,荣晟环保,浙江荣晟环保纸业股份有限公司
603166.SH,福达股份,桂林福达股份有限公司
603167.SH,渤海轮渡,渤海轮渡集团股份有限公司
603168.SH,莎普爱思,浙江莎普爱思药业股份有限公司
603169.SH,兰石重装,兰州兰石重型装备股份有限公司
603177.SH,德创环保,浙江德创环保科技股份有限公司
603178.SH,圣龙股份,宁波圣龙汽车动力系统股份有限公司
603179.SH,新泉股份,江苏新泉汽车饰件股份有限公司
603180.SH,金牌厨柜,金牌厨柜家居科技股份有限公司
603181.SH,皇马科技,浙江皇马科技股份有限公司
603183.SH,建研院,苏州市建筑科学研究院集团股份有限公司
603185.SH,上机数控,无锡上机数控股份有限公司
603186.SH,华正新材,浙江华正新材料股份有限公司
603187.SH,海容冷链,青岛海容商用冷链股份有限公司
603189.SH,网达软件,上海网达软件股份有限公司
603192.SH,汇得科技,上海汇得科技股份有限公司
603195.SH,公牛集团,公牛集团股份有限公司
603196.SH,日播时尚,日播时尚集团股份有限公司
603197.SH,保隆科技,上海保隆汽车科技股份有限公司
603198.SH,迎驾贡酒,安徽迎驾贡酒股份有限公司
603199.SH,九华旅游,安徽九华山旅游发展股份有限公司
603200.SH,上海洗霸,上海洗霸科技股份有限公司
603203.SH,快克股份,快克智能装备股份有限公司
603208.SH,江山欧派,江山欧派门业股份有限公司
603212.SH,赛伍技术,苏州赛伍应用技术股份有限公司
603214.SH,爱婴室,上海爱婴室商务服务股份有限公司
603217.SH,元利科技,元利化学集团股份有限公司
603218.SH,日月股份,日月重工股份有限公司
603220.SH,中贝通信,中贝通信集团股份有限公司
603221.SH,爱丽家居,爱丽家居科技股份有限公司
603222.SH,济民制药,济民健康管理股份有限公司
603223.SH,恒通股份,恒通物流股份有限公司
603225.SH,新凤鸣,新凤鸣集团股份有限公司
603226.SH,菲林格尔,菲林格尔家居科技股份有限公司
603227.SH,雪峰科技,新疆雪峰科技(集团)股份有限公司
603228.SH,景旺电子,深圳市景旺电子股份有限公司
603229.SH,奥翔药业,浙江奥翔药业股份有限公司
603232.SH,格尔软件,格尔软件股份有限公司
603233.SH,大参林,大参林医药集团股份有限公司
603236.SH,移远通信,上海移远通信技术股份有限公司
603238.SH,诺邦股份,杭州诺邦无纺股份有限公司
603239.SH,浙江仙通,浙江仙通橡塑股份有限公司
603256.SH,宏和科技,宏和电子材料科技股份有限公司
603258.SH,电魂网络,杭州电魂网络科技股份有限公司
603259.SH,药明康德,无锡药明康德新药开发股份有限公司
603260.SH,合盛硅业,合盛硅业股份有限公司
603266.SH,天龙股份,宁波天龙电子股份有限公司
603267.SH,鸿远电子,北京元六鸿远电子科技股份有限公司
603268.SH,松发股份,广东松发陶瓷股份有限公司
603269.SH,海鸥股份,江苏海鸥冷却塔股份有限公司
603277.SH,银都股份,银都餐饮设备股份有限公司
603278.SH,大业股份,山东大业股份有限公司
603279.SH,景津环保,景津环保股份有限公司
603283.SH,赛腾股份,苏州赛腾精密电子股份有限公司
603286.SH,日盈电子,江苏日盈电子股份有限公司
603288.SH,海天味业,佛山市海天调味食品股份有限公司
603289.SH,泰瑞机器,泰瑞机器股份有限公司
603290.SH,斯达半导,嘉兴斯达半导体股份有限公司
603297.SH,永新光学,宁波永新光学股份有限公司
603298.SH,杭叉集团,杭叉集团股份有限公司
603299.SH,苏盐井神,江苏苏盐井神股份有限公司
603300.SH,华铁应急,浙江华铁应急设备科技股份有限公司
603301.SH,振德医疗,振德医疗用品股份有限公司
603303.SH,得邦照明,横店集团得邦照明股份有限公司
603305.SH,旭升股份,宁波旭升汽车技术股份有限公司
603306.SH,华懋科技,华懋(厦门)新材料科技股份有限公司
603308.SH,应流股份,安徽应流机电股份有限公司
603309.SH,维力医疗,广州维力医疗器械股份有限公司
603311.SH,金海环境,浙江金海高科股份有限公司
603313.SH,梦百合,梦百合家居科技股份有限公司
603315.SH,福鞍股份,辽宁福鞍重工股份有限公司
603317.SH,天味食品,四川天味食品集团股份有限公司
603318.SH,派思股份,大连派思燃气系统股份有限公司
603319.SH,湘油泵,湖南机油泵股份有限公司
603320.SH,迪贝电气,浙江迪贝电气股份有限公司
603321.SH,梅轮电梯,浙江梅轮电梯股份有限公司
603322.SH,超讯通信,超讯通信股份有限公司
603326.SH,我乐家居,南京我乐家居股份有限公司
603327.SH,福蓉科技,四川福蓉科技股份公司
603328.SH,依顿电子,广东依顿电子科技股份有限公司
603329.SH,上海雅仕,上海雅仕投资发展股份有限公司
603330.SH,上海天洋,上海天洋热熔粘接材料股份有限公司
603331.SH,百达精工,浙江百达精工股份有限公司
603332.SH,苏州龙杰,苏州龙杰特种纤维股份有限公司
603333.SH,尚纬股份,尚纬股份有限公司
603335.SH,迪生力,广东迪生力汽配股份有限公司
603336.SH,宏辉果蔬,宏辉果蔬股份有限公司
603337.SH,杰克股份,杰克缝纫机股份有限公司
603338.SH,浙江鼎力,浙江鼎力机械股份有限公司
603339.SH,四方科技,四方科技集团股份有限公司
603345.SH,安井食品,福建安井食品股份有限公司
603348.SH,文灿股份,广东文灿压铸股份有限公司
603351.SH,威尔药业,南京威尔药业集团股份有限公司
603353.SH,和顺石油,湖南和顺石油股份有限公司
603355.SH,莱克电气,莱克电气股份有限公司
603356.SH,华菱精工,宣城市华菱精工科技股份有限公司
603357.SH,设计总院,安徽省交通规划设计研究总院股份有限公司
603358.SH,华达科技,华达汽车科技股份有限公司
603359.SH,东珠生态,东珠生态环保股份有限公司
603360.SH,百傲化学,大连百傲化学股份有限公司
603363.SH,傲农生物,福建傲农生物科技集团股份有限公司
603365.SH,水星家纺,上海水星家用纺织品股份有限公司
603366.SH,日出东方,日出东方控股股份有限公司
603367.SH,辰欣药业,辰欣药业股份有限公司
603368.SH,柳药股份,广西柳州医药股份有限公司
603369.SH,今世缘,江苏今世缘酒业股份有限公司
603377.SH,东方时尚,东方时尚驾驶学校股份有限公司
603378.SH,亚士创能,亚士创能科技(上海)股份有限公司
603379.SH,三美股份,浙江三美化工股份有限公司
603380.SH,易德龙,苏州易德龙科技股份有限公司
603383.SH,顶点软件,福建顶点软件股份有限公司
603385.SH,惠达卫浴,惠达卫浴股份有限公司
603386.SH,广东骏亚,广东骏亚电子科技股份有限公司
603387.SH,基蛋生物,基蛋生物科技股份有限公司
603390.SH,通达电气,广州通达汽车电气股份有限公司
603392.SH,万泰生物,北京万泰生物药业股份有限公司
603393.SH,新天然气,新疆鑫泰天然气股份有限公司
603396.SH,金辰股份,营口金辰机械股份有限公司
603398.SH,邦宝益智,广东邦宝益智玩具股份有限公司
603399.SH,吉翔股份,锦州吉翔钼业股份有限公司
603416.SH,信捷电气,无锡信捷电气股份有限公司
603421.SH,鼎信通讯,青岛鼎信通讯股份有限公司
603429.SH,集友股份,安徽集友新材料股份有限公司
603439.SH,贵州三力,贵州三力制药股份有限公司
603444.SH,吉比特,厦门吉比特网络技术股份有限公司
603456.SH,九洲药业,浙江九洲药业股份有限公司
603458.SH,勘设股份,贵州省交通规划勘察设计研究院股份有限公司
603466.SH,风语筑,上海风语筑文化科技股份有限公司
603477.SH,振静股份,乐山巨星农牧股份有限公司
603486.SH,科沃斯,科沃斯机器人股份有限公司
603488.SH,展鹏科技,展鹏科技股份有限公司
603489.SH,八方股份,八方电气(苏州)股份有限公司
603496.SH,恒为科技,恒为科技(上海)股份有限公司
603499.SH,翔港科技,上海翔港包装科技股份有限公司
603500.SH,祥和实业,浙江天台祥和实业股份有限公司
603501.SH,韦尔股份,上海韦尔半导体股份有限公司
603505.SH,金石资源,金石资源集团股份有限公司
603507.SH,振江股份,江苏振江新能源装备股份有限公司
603508.SH,思维列控,河南思维自动化设备股份有限公司
603515.SH,欧普照明,欧普照明股份有限公司
603516.SH,淳中科技,北京淳中科技股份有限公司
603517.SH,绝味食品,绝味食品股份有限公司
603518.SH,锦泓集团,锦泓时装集团股份有限公司
603519.SH,立霸股份,江苏立霸实业股份有限公司
603520.SH,司太立,浙江司太立制药股份有限公司
603527.SH,众源新材,安徽众源新材料股份有限公司
603528.SH,多伦科技,多伦科技股份有限公司
603530.SH,神马电力,江苏神马电力股份有限公司
603533.SH,掌阅科技,掌阅科技股份有限公司
603535.SH,嘉诚国际,广州市嘉诚国际物流股份有限公司
603536.SH,惠发食品,山东惠发食品股份有限公司
603538.SH,美诺华,宁波美诺华药业股份有限公司
603551.SH,奥普家居,奥普家居股份有限公司
603556.SH,海兴电力,杭州海兴电力科技股份有限公司
603557.SH,起步股份,起步股份有限公司
603558.SH,健盛集团,浙江健盛集团股份有限公司
603559.SH,中通国脉,中通国脉通信股份有限公司
603566.SH,普莱柯,普莱柯生物工程股份有限公司
603567.SH,珍宝岛,黑龙江珍宝岛药业股份有限公司
603568.SH,伟明环保,浙江伟明环保股份有限公司
603569.SH,长久物流,北京长久物流股份有限公司
603577.SH,汇金通,青岛汇金通电力设备股份有限公司
603578.SH,三星新材,浙江三星新材股份有限公司
603579.SH,荣泰健康,上海荣泰健康科技股份有限公司
603580.SH,艾艾精工,艾艾精密工业输送系统(上海)股份有限公司
603583.SH,捷昌驱动,浙江捷昌线性驱动科技股份有限公司
603585.SH,苏利股份,江苏苏利精细化工股份有限公司
603586.SH,金麒麟,山东金麒麟股份有限公司
603587.SH,地素时尚,地素时尚股份有限公司
603588.SH,高能环境,北京高能时代环境技术股份有限公司
603589.SH,口子窖,安徽口子酒业股份有限公司
603590.SH,康辰药业,北京康辰药业股份有限公司
603595.SH,东尼电子,浙江东尼电子股份有限公司
603596.SH,伯特利,芜湖伯特利汽车安全系统股份有限公司
603598.SH,引力传媒,引力传媒股份有限公司
603599.SH,广信股份,安徽广信农化股份有限公司
603600.SH,永艺股份,永艺家具股份有限公司
603601.SH,再升科技,重庆再升科技股份有限公司
603602.SH,纵横通信,杭州纵横通信股份有限公司
603603.SH,博天环境,博天环境集团股份有限公司
603605.SH,珀莱雅,珀莱雅化妆品股份有限公司
603606.SH,东方电缆,宁波东方电缆股份有限公司
603607.SH,京华激光,浙江京华激光科技股份有限公司
603608.SH,天创时尚,天创时尚股份有限公司
603609.SH,禾丰牧业,辽宁禾丰牧业股份有限公司
603610.SH,麒盛科技,麒盛科技股份有限公司
603611.SH,诺力股份,诺力智能装备股份有限公司
603612.SH,索通发展,索通发展股份有限公司
603613.SH,国联股份,北京国联视讯信息技术股份有限公司
603615.SH,茶花股份,茶花现代家居用品股份有限公司
603616.SH,韩建河山,北京韩建河山管业股份有限公司
603617.SH,君禾股份,君禾泵业股份有限公司
603618.SH,杭电股份,杭州电缆股份有限公司
603619.SH,中曼石油,中曼石油天然气集团股份有限公司
603626.SH,科森科技,昆山科森科技股份有限公司
603628.SH,清源股份,清源科技(厦门)股份有限公司
603629.SH,利通电子,江苏利通电子股份有限公司
603630.SH,拉芳家化,拉芳家化股份有限公司
603633.SH,徕木股份,上海徕木电子股份有限公司
603636.SH,南威软件,南威软件股份有限公司
603638.SH,艾迪精密,烟台艾迪精密机械股份有限公司
603639.SH,海利尔,海利尔药业集团股份有限公司
603648.SH,畅联股份,上海畅联国际物流股份有限公司
603650.SH,彤程新材,彤程新材料集团股份有限公司
603655.SH,朗博科技,常州朗博密封科技股份有限公司
603656.SH,泰禾光电,合肥泰禾智能科技集团股份有限公司
603657.SH,春光科技,金华春光橡塑科技股份有限公司
603658.SH,安图生物,郑州安图生物工程股份有限公司
603659.SH,璞泰来,上海璞泰来新能源科技股份有限公司
603660.SH,苏州科达,苏州科达科技股份有限公司
603661.SH,恒林股份,恒林家居股份有限公司
603662.SH,柯力传感,宁波柯力传感科技股份有限公司
603663.SH,三祥新材,三祥新材股份有限公司
603665.SH,康隆达,浙江康隆达特种防护科技股份有限公司
603666.SH,亿嘉和,亿嘉和科技股份有限公司
603667.SH,五洲新春,浙江五洲新春集团股份有限公司
603668.SH,天马科技,福建天马科技集团股份有限公司
603669.SH,灵康药业,灵康药业集团股份有限公司
603676.SH,卫信康,西藏卫信康医药股份有限公司
603677.SH,奇精机械,奇精机械股份有限公司
603678.SH,火炬电子,福建火炬电子科技股份有限公司
603679.SH,华体科技,四川华体照明科技股份有限公司
603680.SH,今创集团,今创集团股份有限公司
603681.SH,永冠新材,上海永冠众诚新材料科技(集团)股份有限公司
603682.SH,锦和商业,上海锦和商业经营管理股份有限公司
603683.SH,晶华新材,上海晶华胶粘新材料股份有限公司
603685.SH,晨丰科技,浙江晨丰科技股份有限公司
603686.SH,龙马环卫,福建龙马环卫装备股份有限公司
603687.SH,大胜达,浙江大胜达包装股份有限公司
603688.SH,石英股份,江苏太平洋石英股份有限公司
603689.SH,皖天然气,安徽省天然气开发股份有限公司
603690.SH,至纯科技,上海至纯洁净系统科技股份有限公司
603693.SH,江苏新能,江苏省新能源开发股份有限公司
603696.SH,安记食品,安记食品股份有限公司
603697.SH,有友食品,有友食品股份有限公司
603698.SH,航天工程,航天长征化学工程股份有限公司
603699.SH,纽威股份,苏州纽威阀门股份有限公司
603700.SH,宁水集团,宁波水表(集团)股份有限公司
603701.SH,德宏股份,浙江德宏汽车电子电器股份有限公司
603703.SH,盛洋科技,浙江盛洋科技股份有限公司
603706.SH,东方环宇,新疆东方环宇燃气股份有限公司
603707.SH,健友股份,南京健友生化制药股份有限公司
603708.SH,家家悦,家家悦集团股份有限公司
603709.SH,中源家居,中源家居股份有限公司
603711.SH,香飘飘,香飘飘食品股份有限公司
603712.SH,七一二,天津七一二通信广播股份有限公司
603713.SH,密尔克卫,密尔克卫化工供应链服务股份有限公司
603716.SH,塞力斯,塞力斯医疗科技集团股份有限公司
603718.SH,海利生物,上海海利生物技术股份有限公司
603719.SH,良品铺子,良品铺子股份有限公司
603721.SH,中广天择,中广天择传媒股份有限公司
603722.SH,阿科力,无锡阿科力科技股份有限公司
603725.SH,天安新材,广东天安新材料股份有限公司
603726.SH,朗迪集团,浙江朗迪集团股份有限公司
603727.SH,博迈科,博迈科海洋工程股份有限公司
603728.SH,鸣志电器,上海鸣志电器股份有限公司
603729.SH,龙韵股份,上海龙韵传媒集团股份有限公司
603730.SH,岱美股份,上海岱美汽车内饰件股份有限公司
603733.SH,仙鹤股份,仙鹤股份有限公司
603737.SH,三棵树,三棵树涂料股份有限公司
603738.SH,泰晶科技,泰晶科技股份有限公司
603739.SH,蔚蓝生物,青岛蔚蓝生物股份有限公司
603755.SH,日辰股份,青岛日辰食品股份有限公司
603757.SH,大元泵业,浙江大元泵业股份有限公司
603758.SH,秦安股份,重庆秦安机电股份有限公司
603766.SH,隆鑫通用,隆鑫通用动力股份有限公司
603767.SH,中马传动,浙江中马传动股份有限公司
603768.SH,常青股份,合肥常青机械股份有限公司
603773.SH,沃格光电,江西沃格光电股份有限公司
603776.SH,永安行,永安行科技股份有限公司
603777.SH,来伊份,上海来伊份股份有限公司
603786.SH,科博达,科博达技术股份有限公司
603787.SH,新日股份,江苏新日电动车股份有限公司
603788.SH,宁波高发,宁波高发汽车控制系统股份有限公司
603789.SH,星光农机,星光农机股份有限公司
603790.SH,雅运股份,上海雅运纺织化工股份有限公司
603797.SH,联泰环保,广东联泰环保股份有限公司
603798.SH,康普顿,青岛康普顿科技股份有限公司
603799.SH,华友钴业,浙江华友钴业股份有限公司
603800.SH,道森股份,苏州道森钻采设备股份有限公司
603801.SH,志邦家居,志邦家居股份有限公司
603803.SH,瑞斯康达,瑞斯康达科技发展股份有限公司
603806.SH,福斯特,杭州福斯特应用材料股份有限公司
603808.SH,歌力思,深圳歌力思服饰股份有限公司
603809.SH,豪能股份,成都豪能科技股份有限公司
603810.SH,丰山集团,江苏丰山集团股份有限公司
603811.SH,诚意药业,浙江诚意药业股份有限公司
603813.SH,原尚股份,广东原尚物流股份有限公司
603816.SH,顾家家居,顾家家居股份有限公司
603817.SH,海峡环保,福建海峡环保集团股份有限公司
603818.SH,曲美家居,曲美家居集团股份有限公司
603819.SH,神力股份,常州神力电机股份有限公司
603822.SH,嘉澳环保,浙江嘉澳环保科技股份有限公司
603823.SH,百合花,百合花集团股份有限公司
603825.SH,华扬联众,华扬联众数字技术股份有限公司
603826.SH,坤彩科技,福建坤彩材料科技股份有限公司
603828.SH,柯利达,苏州柯利达装饰股份有限公司
603829.SH,洛凯股份,江苏洛凯机电股份有限公司
603833.SH,欧派家居,欧派家居集团股份有限公司
603838.SH,四通股份,广东四通集团股份有限公司
603839.SH,安正时尚,安正时尚集团股份有限公司
603848.SH,好太太,广东好太太科技集团股份有限公司
603855.SH,华荣股份,华荣科技股份有限公司
603856.SH,东宏股份,山东东宏管业股份有限公司
603858.SH,步长制药,山东步长制药股份有限公司
603859.SH,能科股份,能科科技股份有限公司
603860.SH,中公高科,中公高科养护科技股份有限公司
603861.SH,白云电器,广州白云电器设备股份有限公司
603863.SH,松炀资源,广东松炀再生资源股份有限公司
603866.SH,桃李面包,桃李面包股份有限公司
603867.SH,新化股份,浙江新化化工股份有限公司
603868.SH,飞科电器,上海飞科电器股份有限公司
603869.SH,新智认知,新智认知数字科技股份有限公司
603871.SH,嘉友国际,嘉友国际物流股份有限公司
603876.SH,鼎胜新材,江苏鼎胜新能源材料股份有限公司
603877.SH,太平鸟,宁波太平鸟时尚服饰股份有限公司
603878.SH,武进不锈,江苏武进不锈股份有限公司
603879.SH,永悦科技,永悦科技股份有限公司
603880.SH,南卫股份,江苏南方卫材医药股份有限公司
603881.SH,数据港,上海数据港股份有限公司
603882.SH,金域医学,广州金域医学检验集团股份有限公司
603883.SH,老百姓,老百姓大药房连锁股份有限公司
603885.SH,吉祥航空,上海吉祥航空股份有限公司
603886.SH,元祖股份,上海元祖梦果子股份有限公司
603887.SH,城地股份,上海城地香江数据科技股份有限公司
603888.SH,新华网,新华网股份有限公司
603889.SH,新澳股份,浙江新澳纺织股份有限公司
603890.SH,春秋电子,苏州春秋电子科技股份有限公司
603893.SH,瑞芯微,瑞芯微电子股份有限公司
603895.SH,天永智能,上海天永智能装备股份有限公司
603896.SH,寿仙谷,浙江寿仙谷医药股份有限公司
603897.SH,长城科技,浙江长城电工科技股份有限公司
603898.SH,好莱客,广州好莱客创意家居股份有限公司
603899.SH,晨光文具,上海晨光文具股份有限公司
603900.SH,莱绅通灵,莱绅通灵珠宝股份有限公司
603901.SH,永创智能,杭州永创智能设备股份有限公司
603903.SH,中持股份,中持水务股份有限公司
603906.SH,龙蟠科技,江苏龙蟠科技股份有限公司
603908.SH,牧高笛,牧高笛户外用品股份有限公司
603909.SH,合诚股份,合诚工程咨询集团股份有限公司
603912.SH,佳力图,南京佳力图机房环境技术股份有限公司
603915.SH,国茂股份,江苏国茂减速机股份有限公司
603916.SH,苏博特,江苏苏博特新材料股份有限公司
603917.SH,合力科技,宁波合力模具科技股份有限公司
603918.SH,金桥信息,上海金桥信息股份有限公司
603919.SH,金徽酒,金徽酒股份有限公司
603920.SH,世运电路,广东世运电路科技股份有限公司
603922.SH,金鸿顺,苏州金鸿顺汽车部件股份有限公司
603926.SH,铁流股份,浙江铁流离合器股份有限公司
603927.SH,中科软,中科软科技股份有限公司
603928.SH,兴业股份,苏州兴业材料科技股份有限公司
603933.SH,睿能科技,福建睿能科技股份有限公司
603936.SH,博敏电子,博敏电子股份有限公司
603937.SH,丽岛新材,江苏丽岛新材料股份有限公司
603938.SH,三孚股份,唐山三孚硅业股份有限公司
603939.SH,益丰药房,益丰大药房连锁股份有限公司
603948.SH,建业股份,浙江建业化工股份有限公司
603949.SH,雪龙集团,雪龙集团股份有限公司
603950.SH,长源东谷,襄阳长源东谷实业股份有限公司
603956.SH,威派格,上海威派格智慧水务股份有限公司
603958.SH,哈森股份,哈森商贸(中国)股份有限公司
603960.SH,克来机电,上海克来机电自动化工程股份有限公司
603963.SH,大理药业,大理药业股份有限公司
603966.SH,法兰泰克,法兰泰克重工股份有限公司
603967.SH,中创物流,中创物流股份有限公司
603968.SH,醋化股份,南通醋酸化工股份有限公司
603969.SH,银龙股份,天津银龙预应力材料股份有限公司
603970.SH,中农立华,中农立华生物科技股份有限公司
603976.SH,正川股份,重庆正川医药包装材料股份有限公司
603977.SH,国泰集团,江西国泰集团股份有限公司
603978.SH,深圳新星,深圳市新星轻合金材料股份有限公司
603979.SH,金诚信,金诚信矿业管理股份有限公司
603980.SH,吉华集团,浙江吉华集团股份有限公司
603982.SH,泉峰汽车,南京泉峰汽车精密技术股份有限公司
603983.SH,丸美股份,广东丸美生物技术股份有限公司
603985.SH,恒润股份,江阴市恒润重工股份有限公司
603986.SH,兆易创新,北京兆易创新科技股份有限公司
603987.SH,康德莱,上海康德莱企业发展集团股份有限公司
603988.SH,中电电机,中电电机股份有限公司
603989.SH,艾华集团,湖南艾华集团股份有限公司
603990.SH,麦迪科技,苏州麦迪斯顿医疗科技股份有限公司
603991.SH,至正股份,上海至正道化高分子材料股份有限公司
603992.SH,松霖科技,厦门松霖科技股份有限公司
603993.SH,洛阳钼业,洛阳栾川钼业集团股份有限公司
603995.SH,甬金股份,浙江甬金金属科技股份有限公司
603997.SH,继峰股份,宁波继峰汽车零部件股份有限公司
603998.SH,方盛制药,湖南方盛制药股份有限公司
603999.SH,读者传媒,读者出版传媒股份有限公司
605001.SH,威奥股份,青岛威奥轨道股份有限公司
605166.SH,聚合顺,杭州聚合顺新材料股份有限公司
605168.SH,三人行,三人行传媒集团股份有限公司
605199.SH,葫芦娃,海南葫芦娃药业集团股份有限公司
605288.SH,凯迪股份,常州市凯迪电器股份有限公司
688001.SH,华兴源创,苏州华兴源创科技股份有限公司
688002.SH,睿创微纳,烟台睿创微纳技术股份有限公司
688003.SH,天准科技,苏州天准科技股份有限公司
688004.SH,博汇科技,北京市博汇科技股份有限公司
688005.SH,容百科技,宁波容百新能源科技股份有限公司
688006.SH,杭可科技,浙江杭可科技股份有限公司
688007.SH,光峰科技,深圳光峰科技股份有限公司
688008.SH,澜起科技,澜起科技股份有限公司
688009.SH,中国通号,中国铁路通信信号股份有限公司
688010.SH,福光股份,福建福光股份有限公司
688011.SH,新光光电,哈尔滨新光光电科技股份有限公司
688012.SH,中微公司,中微半导体设备(上海)股份有限公司
688015.SH,交控科技,交控科技股份有限公司
688016.SH,心脉医疗,上海微创心脉医疗科技(集团)股份有限公司
688018.SH,乐鑫科技,乐鑫信息科技(上海)股份有限公司
688019.SH,安集科技,安集微电子科技(上海)股份有限公司
688020.SH,方邦股份,广州方邦电子股份有限公司
688021.SH,奥福环保,山东奥福环保科技股份有限公司
688022.SH,瀚川智能,苏州瀚川智能科技股份有限公司
688023.SH,安恒信息,杭州安恒信息技术股份有限公司
688025.SH,杰普特,深圳市杰普特光电股份有限公司
688026.SH,洁特生物,广州洁特生物过滤股份有限公司
688027.SH,国盾量子,科大国盾量子技术股份有限公司
688028.SH,沃尔德,北京沃尔德金刚石工具股份有限公司
688029.SH,南微医学,南微医学科技股份有限公司
688030.SH,山石网科,山石网科通信技术股份有限公司
688033.SH,天宜上佳,北京天宜上佳高新材料股份有限公司
688036.SH,传音控股,深圳传音控股股份有限公司
688037.SH,芯源微,沈阳芯源微电子设备股份有限公司
688039.SH,当虹科技,杭州当虹科技股份有限公司
688051.SH,佳华科技,罗克佳华科技集团股份有限公司
688058.SH,宝兰德,北京宝兰德软件股份有限公司
688060.SH,云涌科技,江苏云涌电子科技股份有限公司
688066.SH,航天宏图,航天宏图信息技术股份有限公司
688068.SH,热景生物,北京热景生物技术股份有限公司
688078.SH,龙软科技,北京龙软科技股份有限公司
688080.SH,映翰通,北京映翰通网络技术股份有限公司
688081.SH,兴图新科,武汉兴图新科电子股份有限公司
688085.SH,三友医疗,上海三友医疗器械股份有限公司
688086.SH,紫晶存储,广东紫晶信息存储技术股份有限公司
688088.SH,虹软科技,虹软科技股份有限公司
688089.SH,嘉必优,嘉必优生物技术(武汉)股份有限公司
688090.SH,瑞松科技,广州瑞松智能科技股份有限公司
688096.SH,京源环保,江苏京源环保股份有限公司
688098.SH,申联生物,申联生物医药(上海)股份有限公司
688099.SH,晶晨股份,晶晨半导体(上海)股份有限公司
688100.SH,威胜信息,威胜信息技术股份有限公司
688101.SH,三达膜,三达膜环境技术股份有限公司
688106.SH,金宏气体,苏州金宏气体股份有限公司
688108.SH,赛诺医疗,赛诺医疗科学技术股份有限公司
688111.SH,金山办公,北京金山办公软件股份有限公司
688116.SH,天奈科技,江苏天奈科技股份有限公司
688118.SH,普元信息,普元信息技术股份有限公司
688122.SH,西部超导,西部超导材料科技股份有限公司
688123.SH,聚辰股份,聚辰半导体股份有限公司
688126.SH,沪硅产业,上海硅产业集团股份有限公司
688128.SH,中国电研,中国电器科学研究院股份有限公司
688138.SH,清溢光电,深圳清溢光电股份有限公司
688139.SH,海尔生物,青岛海尔生物医疗股份有限公司
688157.SH,松井股份,湖南松井新材料股份有限公司
688158.SH,优刻得,优刻得科技股份有限公司
688159.SH,有方科技,深圳市有方科技股份有限公司
688166.SH,博瑞医药,博瑞生物医药(苏州)股份有限公司
688168.SH,安博通,北京安博通科技股份有限公司
688169.SH,石头科技,北京石头世纪科技股份有限公司
688177.SH,百奥泰,百奥泰生物制药股份有限公司
688178.SH,万德斯,南京万德斯环保科技股份有限公司
688181.SH,八亿时空,北京八亿时空液晶科技股份有限公司
688186.SH,广大特材,张家港广大特材股份有限公司
688188.SH,柏楚电子,上海柏楚电子科技股份有限公司
688189.SH,南新制药,湖南南新制药股份有限公司
688196.SH,卓越新能,龙岩卓越新能源股份有限公司
688198.SH,佰仁医疗,北京佰仁医疗科技股份有限公司
688199.SH,久日新材,天津久日新材料股份有限公司
688200.SH,华峰测控,北京华峰测控技术股份有限公司
688202.SH,美迪西,上海美迪西生物医药股份有限公司
688208.SH,道通科技,深圳市道通科技股份有限公司
688218.SH,江苏北人,江苏北人机器人系统股份有限公司
688222.SH,成都先导,成都先导药物开发股份有限公司
688228.SH,开普云,开普云信息科技股份有限公司
688233.SH,神工股份,锦州神工半导体股份有限公司
688258.SH,卓易信息,江苏卓易信息科技股份有限公司
688268.SH,华特气体,广东华特气体股份有限公司
688277.SH,天智航,北京天智航医疗科技股份有限公司
688278.SH,特宝生物,厦门特宝生物工程股份有限公司
688288.SH,鸿泉物联,杭州鸿泉物联网技术股份有限公司
688298.SH,东方生物,浙江东方基因生物制品股份有限公司
688299.SH,长阳科技,宁波长阳科技股份有限公司
688300.SH,联瑞新材,江苏联瑞新材料股份有限公司
688310.SH,迈得医疗,迈得医疗工业设备股份有限公司
688312.SH,燕麦科技,深圳市燕麦科技股份有限公司
688318.SH,财富趋势,深圳市财富趋势科技股份有限公司
688333.SH,铂力特,西安铂力特增材技术股份有限公司
688357.SH,建龙微纳,洛阳建龙微纳新材料股份有限公司
688358.SH,祥生医疗,无锡祥生医疗科技股份有限公司
688360.SH,德马科技,浙江德马科技股份有限公司
688363.SH,华熙生物,华熙生物科技股份有限公司
688365.SH,光云科技,杭州光云科技股份有限公司
688366.SH,昊海生科,上海昊海生物科技股份有限公司
688368.SH,晶丰明源,上海晶丰明源半导体股份有限公司
688369.SH,致远互联,北京致远互联软件股份有限公司
688377.SH,迪威尔,南京迪威尔高端制造股份有限公司
688388.SH,嘉元科技,广东嘉元科技股份有限公司
688389.SH,普门科技,深圳普门科技股份有限公司
688396.SH,华润微,华润微电子有限公司
688398.SH,赛特新材,福建赛特新材股份有限公司
688399.SH,硕世生物,江苏硕世生物科技股份有限公司
688466.SH,金科环境,金科环境股份有限公司
688505.SH,复旦张江,上海复旦张江生物医药股份有限公司
688516.SH,奥特维,无锡奥特维科技股份有限公司
688518.SH,联赢激光,深圳市联赢激光股份有限公司
688520.SH,神州细胞,北京神州细胞生物技术集团股份公司
688528.SH,秦川物联,成都秦川物联网科技股份有限公司
688555.SH,泽达易盛,泽达易盛(天津)科技股份有限公司
688558.SH,国盛智科,南通国盛智能科技集团股份有限公司
688566.SH,吉贝尔,江苏吉贝尔药业股份有限公司
688568.SH,中科星图,中科星图股份有限公司
688588.SH,凌志软件,苏州工业园区凌志软件股份有限公司
688598.SH,金博股份,湖南金博碳素股份有限公司
